-- MySQL dump 10.13  Distrib 5.5.47, for debian-linux-gnu (x86_64)
--
-- Host: localhost    Database: ip_telephony_db
-- ------------------------------------------------------
-- Server version	5.5.47-0ubuntu0.14.04.1

/*!40101 SET @OLD_CHARACTER_SET_CLIENT=@@CHARACTER_SET_CLIENT */;
/*!40101 SET @OLD_CHARACTER_SET_RESULTS=@@CHARACTER_SET_RESULTS */;
/*!40101 SET @OLD_COLLATION_CONNECTION=@@COLLATION_CONNECTION */;
/*!40101 SET NAMES utf8 */;
/*!40103 SET @OLD_TIME_ZONE=@@TIME_ZONE */;
/*!40103 SET TIME_ZONE='+00:00' */;
/*!40014 SET @OLD_UNIQUE_CHECKS=@@UNIQUE_CHECKS, UNIQUE_CHECKS=0 */;
/*!40014 SET @OLD_FOREIGN_KEY_CHECKS=@@FOREIGN_KEY_CHECKS, FOREIGN_KEY_CHECKS=0 */;
/*!40101 SET @OLD_SQL_MODE=@@SQL_MODE, SQL_MODE='NO_AUTO_VALUE_ON_ZERO' */;
/*!40111 SET @OLD_SQL_NOTES=@@SQL_NOTES, SQL_NOTES=0 */;

--
-- Table structure for table tbl_campuses
--

-- -- DROP TABLE IF EXISTS tbl_campuses;
/*!40101 SET @saved_cs_client     = @@character_set_client */;
/*!40101 SET character_set_client = utf8 */;
CREATE TABLE IF NOT EXISTS tbl_campuses (
  id int(11) NOT NULL AUTO_INCREMENT COMMENT 'Primary Key',
  campus_name varchar(200) NOT NULL COMMENT 'Campus Name',
  status varchar(200) NULL COMMENT 'Status',
  created_date varchar(200) NULL COMMENT 'Created Date',
  addedby varchar(200) NULL COMMENT 'Added By',
  PRIMARY KEY (id),
  UNIQUE KEY campus_name (campus_name)
) ENGINE=InnoDB AUTO_INCREMENT=11 DEFAULT CHARSET=utf8;
/*!40101 SET character_set_client = @saved_cs_client */;


LOCK TABLES tbl_campuses WRITE;
/*!40000 ALTER TABLE tbl_campuses DISABLE KEYS */;
INSERT INTO tbl_campuses (id, campus_name, status, created_date, addedby) VALUES 
(1,'Main Campus','active','21-06-2023 08:46:43 AM','admin'),
(2,'Nairobi CBD','active','21-06-2023 08:46:43 AM','admin'),
(3,'Westlands','active','21-06-2023 08:46:43 AM','admin'),
(4,'Karen','active','21-06-2023 08:46:43 AM','admin'),
(5,'Nakuru','active','21-06-2023 08:46:43 AM','admin'),
(6,'Mombasa','active','21-06-2023 08:46:43 AM','admin'),
(7,'Kisii','active','21-06-2023 08:46:43 AM','admin'),
(8,'Kitale','active','21-06-2023 08:46:43 AM','admin'),
(9,'Kakamega','active','21-06-2023 08:46:43 AM','admin');
/*!40000 ALTER TABLE tbl_campuses ENABLE KEYS */;
UNLOCK TABLES;


--
-- Table structure for table tbl_departments
--

-- -- DROP TABLE IF EXISTS tbl_departments;
/*!40101 SET @saved_cs_client     = @@character_set_client */;
/*!40101 SET character_set_client = utf8 */;
CREATE TABLE IF NOT EXISTS tbl_departments (
  id int(11) NOT NULL AUTO_INCREMENT COMMENT 'Primary Key',
  campus_id int(11) NOT NULL COMMENT 'Campus Foreign Key',
  department_name varchar(200) NOT NULL COMMENT 'Department Name',
  status varchar(200) NULL COMMENT 'Status',
  created_date varchar(200) NULL COMMENT 'Created Date',
  addedby varchar(200) NULL COMMENT 'Added By',
  PRIMARY KEY (id),
  UNIQUE KEY unique_department (department_name, campus_id),
  CONSTRAINT campus_foreign_key FOREIGN KEY (campus_id) REFERENCES tbl_campuses (id)
) ENGINE=InnoDB AUTO_INCREMENT=11 DEFAULT CHARSET=utf8;
/*!40101 SET character_set_client = @saved_cs_client */;



LOCK TABLES tbl_departments WRITE;
/*!40000 ALTER TABLE tbl_departments DISABLE KEYS */; 
INSERT INTO tbl_departments (id, campus_id, department_name, status, created_date, addedby) VALUES   
 
   (1,1,'Swicthboard','active','21-06-2023 08:46:43 AM','admin'),
   (2,1,'Chancellor','active','21-06-2023 08:46:43 AM','admin'),
   (3,1,'VC','active','21-06-2023 08:46:43 AM','admin'), 
   (4,1,'Council','active','21-06-2023 08:46:43 AM','admin'), 
   (5,1,'Asst CCO','active','21-06-2023 08:46:43 AM','admin'),
   (6,1,'Industrial Park','active','21-06-2023 08:46:43 AM','admin'),  
   (7,1,'Ombudsman','active','21-06-2023 08:46:43 AM','admin'), 
   (8,1,'Security','active','21-06-2023 08:46:43 AM','admin'), 
   (9,1,'DIPCA','active','21-06-2023 08:46:43 AM','admin'), 
   (10,1,'Corporate','active','21-06-2023 08:46:43 AM','admin'), 
   (11,1,'Adhere','active','21-06-2023 08:46:43 AM','admin'),
   (12,1,'PR','active','21-06-2023 08:46:43 AM','admin'),
   (13,1,'AUDIT','active','21-06-2023 08:46:43 AM','admin'),    
   (14,1,'DLEMA','active','21-06-2023 08:46:43 AM','admin'),
   (15,1,'CUST','active','21-06-2023 08:46:43 AM','admin'),  
   (16,1,'University Project','active','21-06-2023 08:46:43 AM','admin'),
   (17,1,'UIL','active','21-06-2023 08:46:43 AM','admin'),
   (18,1,'ICT','active','21-06-2023 08:46:43 AM','admin'),   
   (19,1,'DVC APD','active','21-06-2023 08:46:43 AM','admin'), 
   (20,1,'Legal','active','21-06-2023 08:46:43 AM','admin'),
   (21,1,'Registrar APD','active','21-06-2023 08:46:43 AM','admin'), 
   (22,1,'Transport','active','21-06-2023 08:46:43 AM','admin'), 
   (23,1,'Human Resourses','active','21-06-2023 08:46:43 AM','admin'), 
   (24,1,'Registry','active','21-06-2023 08:46:43 AM','admin'),
   (25,1,'Planning','active','21-06-2023 08:46:43 AM','admin'),
   (26,1,'Central Services','active','21-06-2023 08:46:43 AM','admin'),
   (27,1,'catering','active','21-06-2023 08:46:43 AM','admin'),
   (28,1,'Estates','active','21-06-2023 08:46:43 AM','admin'),
   (29,1,'Finance','active','21-06-2023 08:46:43 AM','admin'),  
   (30,1,'SODEL','active','21-06-2023 08:46:43 AM','admin'), 
   (31,1,'Hospital','active','21-06-2023 08:46:43 AM','admin'), 
   (32,1,'Procurement','active','21-06-2023 08:46:43 AM','admin'),
   (33,1,'Stores','active','21-06-2023 08:46:43 AM','admin'),
   (34,1,'Tailoring','active','21-06-2023 08:46:43 AM','admin'),
   (35,1,'DVC AA','active','21-06-2023 08:46:43 AM','admin'),
   (36,1,'Registrar AA','active','21-06-2023 08:46:43 AM','admin'),
   (37,1,'Programmes','active','21-06-2023 08:46:43 AM','admin'),
   (38,1,'DAQA','active','21-06-2023 08:46:43 AM','admin'),
   (39,1,'BPS','active','21-06-2023 08:46:43 AM','admin'),
   (40,1,'Gender','active','21-06-2023 08:46:43 AM','admin'),
   (41,1,'Welfare','active','21-06-2023 08:46:43 AM','admin'),
   (42,1,'Mail Registry','active','21-06-2023 08:46:43 AM','admin'),
   (43,1,'Dean','active','21-06-2023 08:46:43 AM','admin'),
   (44,1,'Chaplain','active','21-06-2023 08:46:43 AM','admin'),
   (45,1,'Sports','active','21-06-2023 08:46:43 AM','admin'),
   (46,1,'Library','active','21-06-2023 08:46:43 AM','admin'),
   (47,1,'COHRED','active','21-06-2023 08:46:43 AM','admin'),
   (48,1,'Development Study','active','21-06-2023 08:46:43 AM','admin'),
   (49,1,'MTAC','active','21-06-2023 08:46:43 AM','admin'),
   (50,1,'Business','active','21-06-2023 08:46:43 AM','admin'),
   (51,1,'CLB Lab','active','21-06-2023 08:46:43 AM','admin'),
   (52,1,'Economics','active','21-06-2023 08:46:43 AM','admin'), 
   (53,1,'SEPM','active','21-06-2023 08:46:43 AM','admin'),
   (54,1,'Lead','active','21-06-2023 08:46:43 AM','admin'),
   (55,1,'Prof','active','21-06-2023 08:46:43 AM','admin'),
   (57,1,'Agriculture','active','21-06-2023 08:46:43 AM','admin'),
   (58,1,'Food science','active','21-06-2023 08:46:43 AM','admin'),
   (59,1,'Land Resources','active','21-06-2023 08:46:43 AM','admin'),
   (60,1,'DR','active','21-06-2023 08:46:43 AM','admin'),
   (61,1,'Horticulture','active','21-06-2023 08:46:43 AM','admin'),
   (62,1,'COETEC','active','21-06-2023 08:46:43 AM','admin'),
   (63,1,'Workshop','active','21-06-2023 08:46:43 AM','admin'),
   (64,1,'SEEIE','active','21-06-2023 08:46:43 AM','admin'),
   (65,1,'Electrical','active','21-06-2023 08:46:43 AM','admin'),
   (66,1,'TIE','active','21-06-2023 08:46:43 AM','admin'),
   (67,1,'SCEGE','active','21-06-2023 08:46:43 AM','admin'),
   (68,1,'GEGIS','active','21-06-2023 08:46:43 AM','admin'),
   (69,1,'SOMME','active','21-06-2023 08:46:43 AM','admin'),
   (70,1,'Mechanical','active','21-06-2023 08:46:43 AM','admin'),
   (71,1,'Mechatronic','active','21-06-2023 08:46:43 AM','admin'),
   (72,1,'BEED','active','21-06-2023 08:46:43 AM','admin'),
   (73,1,'WARREC','active','21-06-2023 08:46:43 AM','admin'),
   (74,1,'SABS','active','21-06-2023 08:46:43 AM','admin'),
   (75,1,'Constrution Management','active','21-06-2023 08:46:43 AM','admin'), 
   (76,1,'COPAS','active','21-06-2023 08:46:43 AM','admin'),
   (77,1,'Biological','active','21-06-2023 08:46:43 AM','admin'),
   (78,1,'Botany','active','21-06-2023 08:46:43 AM','admin'),
   (79,1,'Zoology','active','21-06-2023 08:46:43 AM','admin'),
   (80,1,'Chemistry','active','21-06-2023 08:46:43 AM','admin'),
   (81,1,'Physics','active','21-06-2023 08:46:43 AM','admin'),
   (82,1,'Mathematics','active','21-06-2023 08:46:43 AM','admin'),
   (83,1,'Statistics','active','21-06-2023 08:46:43 AM','admin'),
   (84,1,'Computing','active','21-06-2023 08:46:43 AM','admin'),
   (85,1,'IT','active','21-06-2023 08:46:43 AM','admin'),
   (86,1,'COHES','active','21-06-2023 08:46:43 AM','admin'),
   (87,1,'Biochemistry','active','21-06-2023 08:46:43 AM','admin'),
   (88,1,'RPE','active','21-06-2023 08:46:43 AM','admin'),
   (89,1,'MLS','active','21-06-2023 08:46:43 AM','admin'),
   (90,1,'Haematology','active','21-06-2023 08:46:43 AM','admin'),
   (91,1,'Nursing','active','21-06-2023 08:46:43 AM','admin'),
   (92,1,'Pharmacy','active','21-06-2023 08:46:43 AM','admin'),
   (93,1,'Microbiology','active','21-06-2023 08:46:43 AM','admin'),
   (94,1,'Public Health','active','21-06-2023 08:46:43 AM','admin'),
   (95,1,'Medicine','active','21-06-2023 08:46:43 AM','admin'), 
   (96,1,'JICA','active','21-06-2023 08:46:43 AM','admin'),
   (97,1,'Production','active','21-06-2023 08:46:43 AM','admin'),
   (98,1,'Research','active','21-06-2023 08:46:43 AM','admin'),
   (99,1,'Extension','active','21-06-2023 08:46:43 AM','admin'),
   (100,1,'Linkages','active','21-06-2023 08:46:43 AM','admin'),
   (101,1,'FOTEC','active','21-06-2023 08:46:43 AM','admin'),
   (102,1,'CPC','active','21-06-2023 08:46:43 AM','admin'),
   (103,1,'UCCD','active','21-06-2023 08:46:43 AM','admin'), 
   (104,1,'IBR','active','21-06-2023 08:46:43 AM','admin'),
   (105,1,'Lab','active','21-06-2023 08:46:43 AM','admin'),
   (106,1,'Organic Farming','active','21-06-2023 08:46:43 AM','admin'), 
   (107,1,'IEET','active','21-06-2023 08:46:43 AM','admin'),
   (108,1,'SAJOREC','active','21-06-2023 08:46:43 AM','admin'),
   (109,1,'JAST','active','21-06-2023 08:46:43 AM','admin'),
   (110,1,'Farm','active','21-06-2023 08:46:43 AM','admin'),
   (111,1,'Halls','active','21-06-2023 08:46:43 AM','admin'),
   (112,1,'Bookshop','active','21-06-2023 08:46:43 AM','admin'),
   (113,1,'Avaya Support','active','21-06-2023 08:46:43 AM','admin'),
   (114,1,'Boardroom','active','21-06-2023 08:46:43 AM','admin'),
   (115,1,'JKUATES','active','21-06-2023 08:46:43 AM','admin'), 
   
   
   
    
   (250,1,'Planning and Budget','active','21-06-2023 08:46:43 AM','admin'), 
   (251,1,'Dep Registrar Exams','active','21-06-2023 08:46:43 AM','admin'),
   (252,1,'Exams','active','21-06-2023 08:46:43 AM','admin'), 
   (253,1,'Dep Registrar Senate','active','21-06-2023 08:46:43 AM','admin'),
   (254,1,'Senate','active','21-06-2023 08:46:43 AM','admin'),  
   (255,1,'Printery','active','21-06-2023 08:46:43 AM','admin'), 
   (256,1,'Civil','active','21-06-2023 08:46:43 AM','admin'), 
   (257,1,'Academic','active','21-06-2023 08:46:43 AM','admin'), 
   (258,1,'Aliso','active','21-06-2023 08:46:43 AM','admin'), 
   (259,1,'DVC Finance','active','21-06-2023 08:46:43 AM','admin'), 
   (260,1,'Project','active','21-06-2023 08:46:43 AM','admin'), 
   (261,1,'ICEOD','active','21-06-2023 08:46:43 AM','admin'),     
   (262,1,'Mining','active','21-06-2023 08:46:43 AM','admin'),
   
   
   
   
   (116,2,'Director','active','21-06-2023 08:46:43 AM','admin'),
   (117,2,'Dep Director','active','21-06-2023 08:46:43 AM','admin'),
   (118,2,'CES','active','21-06-2023 08:46:43 AM','admin'),
   (119,2,'EPD','active','21-06-2023 08:46:43 AM','admin'),
   (120,2,'Acoounts','active','21-06-2023 08:46:43 AM','admin'),
   (121,2,'Admin','active','21-06-2023 08:46:43 AM','admin'),
   (122,2,'Lab','active','21-06-2023 08:46:43 AM','admin'),
   (123,2,'Exams','active','21-06-2023 08:46:43 AM','admin'),
   (124,2,'library','active','21-06-2023 08:46:43 AM','admin'),
   (125,2,'Caretaker','active','21-06-2023 08:46:43 AM','admin'),
   
   
   
   (126,3,'Principal westlands','active','21-06-2023 08:46:43 AM','admin'), 
   (127,3,'Director westlands','active','21-06-2023 08:46:43 AM','admin'), 
   (128,3,'Finance Westlands','active','21-06-2023 08:46:43 AM','admin'), 
   (129,3,'HOD westlands','active','21-06-2023 08:46:43 AM','admin'), 
   (130,3,'Registrar Westlands','active','21-06-2023 08:46:43 AM','admin'), 
   (131,3,'Customer Care Westlands','active','21-06-2023 08:46:43 AM','admin'), 
   (132,3,'Dean westlands','active','21-06-2023 08:46:43 AM','admin'),
   (133,3,'hospital westlands','active','21-06-2023 08:46:43 AM','admin'), 
   (134,3,'Procurement westlands','active','21-06-2023 08:46:43 AM','admin'),
   (135,3,'server room westlands','active','21-06-2023 08:46:43 AM','admin'),
   (136,3,'Technical weslands','active','21-06-2023 08:46:43 AM','admin'),
   (137,3,'cafeteria westlands','active','21-06-2023 08:46:43 AM','admin'), 
   (138,3,'Exams Westlands','active','21-06-2023 08:46:43 AM','admin'),
   (139,3,'academic westlands','active','21-06-2023 08:46:43 AM','admin'), 
   (140,3,'ICT','active','21-06-2023 08:46:43 AM','admin'), 
   (141,3,'library','active','21-06-2023 08:46:43 AM','admin'), 
   (142,3,'security','active','21-06-2023 08:46:43 AM','admin'), 
   (143,3,'HRD','active','21-06-2023 08:46:43 AM','admin'),
   (144,3,'Estates','active','21-06-2023 08:46:43 AM','admin'),     
   
   
   
   (145,4,'ICT','active','21-06-2023 08:46:43 AM','admin'), 
   (146,4,'academic','active','21-06-2023 08:46:43 AM','admin'), 
   (147,4,'Director','active','21-06-2023 08:46:43 AM','admin'),
   (148,4,'Principal','active','21-06-2023 08:46:43 AM','admin'), 
   (149,4,'Registrar','active','21-06-2023 08:46:43 AM','admin'), 
   (150,4,'central services','active','21-06-2023 08:46:43 AM','admin'),
   (151,4,'security','active','21-06-2023 08:46:43 AM','admin'), 
   (152,4,'cafeteria','active','21-06-2023 08:46:43 AM','admin'),
   (153,4,'Bookshop','active','21-06-2023 08:46:43 AM','admin'),
   (154,4,'finance','active','21-06-2023 08:46:43 AM','admin'), 
   (155,4,'library','active','21-06-2023 08:46:43 AM','admin'), 
   (156,4,'Law','active','21-06-2023 08:46:43 AM','admin'), 
   (157,4,'Lecturer','active','21-06-2023 08:46:43 AM','admin'), 
   (158,4,'Hospital','active','21-06-2023 08:46:43 AM','admin'), 
   (159,4,'IT','active','21-06-2023 08:46:43 AM','admin'), 
   (160,4,'Condinators','active','21-06-2023 08:46:43 AM','admin'), 
   (161,4,'BSS','active','21-06-2023 08:46:43 AM','admin'), 
   (162,4,'sports','active','21-06-2023 08:46:43 AM','admin'),
   (163,4,'Applied science','active','21-06-2023 08:46:43 AM','admin'), 
   (164,4,'Estates','active','21-06-2023 08:46:43 AM','admin'), 
   (165,4,'Chaplains','active','21-06-2023 08:46:43 AM','admin'),
   (166,4,'Dean','active','21-06-2023 08:46:43 AM','admin'), 
   (167,4,'Student councils','active','21-06-2023 08:46:43 AM','admin'),    
   (168,4,'Karen Lab','active','21-06-2023 08:46:43 AM','admin'),
   (169,4,'Biochem lab','active','21-06-2023 08:46:43 AM','admin'),  
   (170,4,'Conference','active','21-06-2023 08:46:43 AM','admin'),  
   
   
   
   (171,5,'Avaya support','active','21-06-2023 08:46:43 AM','admin'),
   (172,5,'Director','active','21-06-2023 08:46:43 AM','admin'),
   (173,5,'Dep Director','active','21-06-2023 08:46:43 AM','admin'),
   (174,5,'Sec Director','active','21-06-2023 08:46:43 AM','admin'),
   (175,5,'Board room','active','21-06-2023 08:46:43 AM','admin'),
   (176,5,'Reception','active','21-06-2023 08:46:43 AM','admin'), 
   (177,5,'lab','active','21-06-2023 08:46:43 AM','admin'),
   (178,5,'Bookshop','active','21-06-2023 08:46:43 AM','admin'),
   (179,5,'Registry','active','21-06-2023 08:46:43 AM','admin'),
   (180,5,'Admin','active','21-06-2023 08:46:43 AM','admin'),
   (181,5,'Accounts','active','21-06-2023 08:46:43 AM','admin'), 
   (182,5,'Security','active','21-06-2023 08:46:43 AM','admin'), 
   (183,5,'library','active','21-06-2023 08:46:43 AM','admin'),
   (184,5,'Exams','active','21-06-2023 08:46:43 AM','admin'),
   (185,5,'sports','active','21-06-2023 08:46:43 AM','admin'),
   (186,5,'Condinators','active','21-06-2023 08:46:43 AM','admin'), 
   (187,5,'server room Nakuru','active','21-06-2023 08:46:43 AM','admin'),
   
   
   
   (188,6,'Director','active','21-06-2023 08:46:43 AM','admin'),
   (189,6,'Dep-Director','active','21-06-2023 08:46:43 AM','admin'),
   (190,6,'Procurement','active','21-06-2023 08:46:43 AM','admin'),
   (191,6,'Administration','active','21-06-2023 08:46:43 AM','admin'),
   (192,6,'Finance','active','21-06-2023 08:46:43 AM','admin'), 
   (193,6,'COD','active','21-06-2023 08:46:43 AM','admin'), 
   (194,6,'Exams','active','21-06-2023 08:46:43 AM','admin'), 
   (195,6,'Registry','active','21-06-2023 08:46:43 AM','admin'), 
   (196,6,'Lab','active','21-06-2023 08:46:43 AM','admin'),
   (197,6,'Library','active','21-06-2023 08:46:43 AM','admin'),
   
   
   
   (198,7,'Avaya support','active','21-06-2023 08:46:43 AM','admin'),
   (199,7,'Director','active','21-06-2023 08:46:43 AM','admin'),
   (200,7,'Dep Director','active','21-06-2023 08:46:43 AM','admin'),
   (201,7,'Sec Director','active','21-06-2023 08:46:43 AM','admin'),
   (202,7,'COD IT','active','21-06-2023 08:46:43 AM','admin'),
   (203,7,'COD HRD','active','21-06-2023 08:46:43 AM','admin'),
   (204,7,'COD Health Sci','active','21-06-2023 08:46:43 AM','admin'),
   (205,7,'Admin','active','21-06-2023 08:46:43 AM','admin'),
   (206,7,'Registry','active','21-06-2023 08:46:43 AM','admin'),
   (207,7,'Accounts','active','21-06-2023 08:46:43 AM','admin'),
   (208,7,'Server room','active','21-06-2023 08:46:43 AM','admin'), 
   (209,7,'Board room','active','21-06-2023 08:46:43 AM','admin'), 
   (210,7,'library','active','21-06-2023 08:46:43 AM','admin'),
   (211,7,'secretary','active','21-06-2023 08:46:43 AM','admin'),
   (212,7,'JKUSO','active','21-06-2023 08:46:43 AM','admin'), 
   (213,7,'Cleaner','active','21-06-2023 08:46:43 AM','admin'),
   (214,7,'Director Kisii','active','21-06-2023 08:46:43 AM','admin'), 
   (215,7,'COD IT and Maths','active','21-06-2023 08:46:43 AM','admin'),
   (216,7,'COD Social sci','active','21-06-2023 08:46:43 AM','admin'),  
   (217,7,'Sec','active','21-06-2023 08:46:43 AM','admin'), 
   (219,7,'Exams','active','21-06-2023 08:46:43 AM','admin'), 
   (220,7,'Lab','active','21-06-2023 08:46:43 AM','admin'),
   (221,7,'security','active','21-06-2023 08:46:43 AM','admin'),
   (222,7,'Estates','active','21-06-2023 08:46:43 AM','admin'),
   (223,7,'Kitchen','active','21-06-2023 08:46:43 AM','admin'),
   (224,7,'Stores','active','21-06-2023 08:46:43 AM','admin'),
   
   
   
   (225,8,'Director','active','21-06-2023 08:46:43 AM','admin'),
   (226,8,'Dep-Director','active','21-06-2023 08:46:43 AM','admin'),
   (227,8,'Secretary','active','21-06-2023 08:46:43 AM','admin'),
   (228,8,'Administrator','active','21-06-2023 08:46:43 AM','admin'),
   (229,8,'Finance','active','21-06-2023 08:46:43 AM','admin'),
   (230,8,'Procurement','active','21-06-2023 08:46:43 AM','admin'),
   (231,8,'Registry','active','21-06-2023 08:46:43 AM','admin'),
   (232,8,'Lab','active','21-06-2023 08:46:43 AM','admin'),
   (233,8,'Library','active','21-06-2023 08:46:43 AM','admin'),
   (234,8,'Administration','active','21-06-2023 08:46:43 AM','admin'),
   (235,8,'Security','active','21-06-2023 08:46:43 AM','admin'),
   (236,8,'Exams','active','21-06-2023 08:46:43 AM','admin'), 
   (237,8,'Server room','active','21-06-2023 08:46:43 AM','admin'),
   
   
   
   (238,9,'Reception','active','21-06-2023 08:46:43 AM','admin'),
   (239,9,'Director','active','21-06-2023 08:46:43 AM','admin'),
   (240,9,'Dep-Director','active','21-06-2023 08:46:43 AM','admin'),
   (241,9,'Secretary','active','21-06-2023 08:46:43 AM','admin'),
   (242,9,'Administrator','active','21-06-2023 08:46:43 AM','admin'),
   (243,9,'Finance','active','21-06-2023 08:46:43 AM','admin'), 
   (244,9,'Clerk','active','21-06-2023 08:46:43 AM','admin'),
   (245,9,'Library','active','21-06-2023 08:46:43 AM','admin'),
   (246,9,'Estates','active','21-06-2023 08:46:43 AM','admin'), 
   (247,9,'Exams','active','21-06-2023 08:46:43 AM','admin'),
   (248,9,'Registry','active','21-06-2023 08:46:43 AM','admin'),
   (249,9,'Security','active','21-06-2023 08:46:43 AM','admin');
   
   
   
/*!40000 ALTER TABLE tbl_departments ENABLE KEYS */;
UNLOCK TABLES;


--
-- Table structure for table tbl_extensions
--

-- DROP TABLE IF EXISTS tbl_extensions;
/*!40101 SET @saved_cs_client     = @@character_set_client */;
/*!40101 SET character_set_client = utf8 */;
CREATE TABLE IF NOT EXISTS tbl_extensions (
  id int(11) NOT NULL AUTO_INCREMENT COMMENT 'Primary Key',
  campus_id int(11) NOT NULL COMMENT 'Campus Foreign Key',
  department_id int(11) NOT NULL COMMENT 'Department Foreign Key',
  owner_assigned varchar(200) NOT NULL COMMENT 'Owner Assigned',
  extension_number varchar(200) NOT NULL COMMENT 'Extension Number',
  status varchar(200) NULL COMMENT 'Status',
  created_date varchar(200) NULL COMMENT 'Created Date',
  addedby varchar(200) NULL COMMENT 'Added By',
  PRIMARY KEY (id),
  UNIQUE KEY extension_number (extension_number),
  CONSTRAINT campus_extensions_foreign_key FOREIGN KEY (campus_id) REFERENCES tbl_campuses (id),
  CONSTRAINT department_foreign_key FOREIGN KEY (department_id) REFERENCES tbl_departments (id)
) ENGINE=InnoDB AUTO_INCREMENT=11 DEFAULT CHARSET=utf8;
/*!40101 SET character_set_client = @saved_cs_client */;


LOCK TABLES tbl_extensions WRITE;
/*!40000 ALTER TABLE tbl_extensions DISABLE KEYS */; 
INSERT INTO tbl_extensions (id, campus_id, extension_number, owner_assigned, department_id, status, created_date, addedby) VALUES
   
   
   (1,1,'1002','Switchboard',1,'active','21-06-2023 08:46:43 AM','admin'), 
   (2,1,'1005','CHANCELLOR',2,'active','21-06-2023 08:46:43 AM','admin'), 
   (3,1,'1006','VC Office',3,'active','21-06-2023 08:46:43 AM','admin'), 
   (4,1,'1007','Sec VC',3,'active','21-06-2023 08:46:43 AM','admin'), 
   (5,1,'1008','Clerk VC office',3,'active','21-06-2023 08:46:43 AM','admin'), 
   (6,1,'1009','Asst Reg VC',3,'active','21-06-2023 08:46:43 AM','admin'), 
   (7,1,'1010','Clerk 2 VC',3,'active','21-06-2023 08:46:43 AM','admin'), 
   (8,1,'1011','Council Secretariat',4,'active','21-06-2023 08:46:43 AM','admin'), 
   (9,1,'1012','Council Secretariat 2',4,'active','21-06-2023 08:46:43 AM','admin'), 
   (10,1,'1013','Sec 2 VC',3,'active','21-06-2023 08:46:43 AM','admin'), 
   (11,1,'1014','Asst CCO',5,'active','21-06-2023 08:46:43 AM','admin'), 
   (12,1,'1015','director Ind park',6,'active','21-06-2023 08:46:43 AM','admin'), 
   (13,1,'1016','Dep director park',6,'active','21-06-2023 08:46:43 AM','admin'), 
   (14,1,'1017','Sec dir ind park',6,'active','21-06-2023 08:46:43 AM','admin'), 
   (15,1,'1018','Council Room 1',4,'active','21-06-2023 08:46:43 AM','admin'), 
   (16,1,'1019','VC Boardroom',3,'active','21-06-2023 08:46:43 AM','admin'), 
   (17,1,'1020','Council room 2',4,'active','21-06-2023 08:46:43 AM','admin'), 
   (18,1,'1022','Office of Ombudsman',7,'active','21-06-2023 08:46:43 AM','admin'), 
   (19,1,'1023','Sec Ombudsman',7,'active','21-06-2023 08:46:43 AM','admin'), 
   (20,1,'1024','Admin Ombudsman',7,'active','21-06-2023 08:46:43 AM','admin'), 
   (21,1,'1032','CSO Security',8,'active','21-06-2023 08:46:43 AM','admin'), 
   (22,1,'1033','CSO Secretary Security',8,'active','21-06-2023 08:46:43 AM','admin'), 
   (23,1,'1034','Reception Security',8,'active','21-06-2023 08:46:43 AM','admin'), 
   (24,1,'1035','Main gate',8,'active','21-06-2023 08:46:43 AM','admin'), 
   (25,1,'1036','Caretakers office',8,'active','21-06-2023 08:46:43 AM','admin'), 
   (26,1,'1037','Security office 2',8,'active','21-06-2023 08:46:43 AM','admin'), 
   (27,1,'1038','Security office 3',8,'active','21-06-2023 08:46:43 AM','admin'), 
   (28,1,'1039','Security office 4',8,'active','21-06-2023 08:46:43 AM','admin'), 
   (29,1,'1052','Director DIPCA',9,'active','21-06-2023 08:46:43 AM','admin'), 
   (30,1,'1053','Reception DIPCA',9,'active','21-06-2023 08:46:43 AM','admin'), 
   (31,1,'1054','Dep director DIPCA',9,'active','21-06-2023 08:46:43 AM','admin'), 
   (32,1,'1055','Admin DIPCA',9,'active','21-06-2023 08:46:43 AM','admin'), 
   (33,1,'1056','Clerk 1 DIPCA',9,'active','21-06-2023 08:46:43 AM','admin'), 
   (34,1,'1057','Clerk 2 DIPCA',9,'active','21-06-2023 08:46:43 AM','admin'), 
   (35,1,'1058','Admin 2 DIPCA',9,'active','21-06-2023 08:46:43 AM','admin'), 
   (36,1,'1059','DIPCA',9,'active','21-06-2023 08:46:43 AM','admin'), 
   (37,1,'1062','chief corp offcr',10,'active','21-06-2023 08:46:43 AM','admin'), 
   (38,1,'1063','Asst corp offcr',10,'active','21-06-2023 08:46:43 AM','admin'), 
   (39,1,'1064','Adhere',11,'active','21-06-2023 08:46:43 AM','admin'), 
   (40,1,'1065','Sec PR',12,'active','21-06-2023 08:46:43 AM','admin'), 
   (41,1,'1077','Sec Audit',13,'active','21-06-2023 08:46:43 AM','admin'), 
   (42,1,'1078','Chief internal audit',13,'active','21-06-2023 08:46:43 AM','admin'), 
   (43,1,'1079','Dep chief  internal audit',13,'active','21-06-2023 08:46:43 AM','admin'), 
   (44,1,'1080','information systems audit',13,'active','21-06-2023 08:46:43 AM','admin'), 
   (45,1,'1081','Audit finance',13,'active','21-06-2023 08:46:43 AM','admin'), 
   (46,1,'1082','Gen & risks audit',13,'active','21-06-2023 08:46:43 AM','admin'), 
   (47,1,'1092','Director DLEMA',14,'active','21-06-2023 08:46:43 AM','admin'), 
   (48,1,'1093','Dep Director DLEMA',14,'active','21-06-2023 08:46:43 AM','admin'), 
   (49,1,'1094','Snr Admin DLEMA',14,'active','21-06-2023 08:46:43 AM','admin'), 
   (50,1,'1095','Sec DLEMA',14,'active','21-06-2023 08:46:43 AM','admin'), 
   (51,1,'1096','Reception DLEMA',14,'active','21-06-2023 08:46:43 AM','admin'), 
   (52,1,'1117','Director CUST',15,'active','21-06-2023 08:46:43 AM','admin'), 
   (53,1,'1118','Clerk CUST',15,'active','21-06-2023 08:46:43 AM','admin'), 
   (54,1,'1119','Sec CUST',15,'active','21-06-2023 08:46:43 AM','admin'), 
   (55,1,'1120','admin CUST',15,'active','21-06-2023 08:46:43 AM','admin'), 
   (56,1,'1121','Dep director CUST',15,'active','21-06-2023 08:46:43 AM','admin'), 
   (57,1,'1122','Lecturer sunday CUST',15,'active','21-06-2023 08:46:43 AM','admin'), 
   (58,1,'1132','Dir uni projects coord',16,'active','21-06-2023 08:46:43 AM','admin'), 
   (59,1,'1133','Sec uni projects coord',16,'active','21-06-2023 08:46:43 AM','admin'), 
   (60,1,'1134','office asst uni projects',16,'active','21-06-2023 08:46:43 AM','admin'), 
   (61,1,'1135','Director UIL',17,'active','21-06-2023 08:46:43 AM','admin'), 
   (62,1,'1147','Director ICT',18,'active','21-06-2023 08:46:43 AM','admin'), 
   (63,1,'1148','Sec Director ICT',18,'active','21-06-2023 08:46:43 AM','admin'), 
   (64,1,'1149','Admin ICT',18,'active','21-06-2023 08:46:43 AM','admin'), 
   (65,1,'1153','HOD ISS Dennis',18,'active','21-06-2023 08:46:43 AM','admin'), 
   (66,1,'1154','Sec ISS',18,'active','21-06-2023 08:46:43 AM','admin'), 
   (67,1,'1155','ICT Wairimu',18,'active','21-06-2023 08:46:43 AM','admin'), 
   (68,1,'1156','ICT officer 2',18,'active','21-06-2023 08:46:43 AM','admin'), 
   (69,1,'1157','ICT Boro Kariuki',18,'active','21-06-2023 08:46:43 AM','admin'), 
   (70,1,'1158','ICT Officer 4',18,'active','21-06-2023 08:46:43 AM','admin'), 
   (71,1,'1159','ICT Officer 5',18,'active','21-06-2023 08:46:43 AM','admin'), 
   (72,1,'1160','ICT Lorete',18,'active','21-06-2023 08:46:43 AM','admin'), 
   (73,1,'1161','ICT Officer 7',18,'active','21-06-2023 08:46:43 AM','admin'), 
   (74,1,'1162','ICT Officer 8',18,'active','21-06-2023 08:46:43 AM','admin'), 
   (75,1,'1163','ICT Support technicians',18,'active','21-06-2023 08:46:43 AM','admin'), 
   (76,1,'1173','Chairman IS',18,'active','21-06-2023 08:46:43 AM','admin'), 
   (77,1,'1174','Sec IS',18,'active','21-06-2023 08:46:43 AM','admin'), 
   (78,1,'1175','ICT officer1 IS',18,'active','21-06-2023 08:46:43 AM','admin'), 
   (79,1,'1176','ICT officer2 IS',18,'active','21-06-2023 08:46:43 AM','admin'), 
   (80,1,'1177','ICT Migwi',18,'active','21-06-2023 08:46:43 AM','admin'), 
   (81,1,'1178','ICT officer 4 IS',18,'active','21-06-2023 08:46:43 AM','admin'), 
   (82,1,'1179','ICT officer 5 IS',18,'active','21-06-2023 08:46:43 AM','admin'), 
   (83,1,'1180','Server Room',18,'active','21-06-2023 08:46:43 AM','admin'), 
   (84,1,'1181','ICT officer',18,'active','21-06-2023 08:46:43 AM','admin'), 
   (85,1,'1182','Finance ICT',18,'active','21-06-2023 08:46:43 AM','admin'), 
   (86,1,'1193','Chairman RCT',18,'active','21-06-2023 08:46:43 AM','admin'), 
   (87,1,'1194','Sec RCT',18,'active','21-06-2023 08:46:43 AM','admin'), 
   (88,1,'1195','Officer1 RCT',18,'active','21-06-2023 08:46:43 AM','admin'), 
   (89,1,'1196','Officer2 RCT',18,'active','21-06-2023 08:46:43 AM','admin'), 
   (90,1,'1197','Officer3 RCT',18,'active','21-06-2023 08:46:43 AM','admin'), 
   (91,1,'1198','Officer 4 RCT',18,'active','21-06-2023 08:46:43 AM','admin'), 
   (92,1,'1213','DVC APD',19,'active','21-06-2023 08:46:43 AM','admin'), 
   (93,1,'1214','Sec DVC',19,'active','21-06-2023 08:46:43 AM','admin'), 
   (94,1,'1215','Clerk DVC',19,'active','21-06-2023 08:46:43 AM','admin'), 
   (95,1,'1228','Sec APD',19,'active','21-06-2023 08:46:43 AM','admin'), 
   (96,1,'1229','Clerk APD',19,'active','21-06-2023 08:46:43 AM','admin'), 
   (97,1,'1230','Legal officer',20,'active','21-06-2023 08:46:43 AM','admin'), 
   (98,1,'1231','Sec Legal',20,'active','21-06-2023 08:46:43 AM','admin'), 
   (99,1,'1232','Dep Legal officer',20,'active','21-06-2023 08:46:43 AM','admin'), 
   (100,1,'1233','Registrar APD',21,'active','21-06-2023 08:46:43 AM','admin'), 
   (101,1,'1234','Transport manager',22,'active','21-06-2023 08:46:43 AM','admin'), 
   (102,1,'1235','Asst transport officer',22,'active','21-06-2023 08:46:43 AM','admin'), 
   (103,1,'1236','Sec transport',22,'active','21-06-2023 08:46:43 AM','admin'), 
   (104,1,'1237','booking officer transport',22,'active','21-06-2023 08:46:43 AM','admin'), 
   (105,1,'1238','maintainance transport',22,'active','21-06-2023 08:46:43 AM','admin'), 
   (106,1,'1239','booking office transport',22,'active','21-06-2023 08:46:43 AM','admin'), 
   (107,1,'1240','Maint office transport',22,'active','21-06-2023 08:46:43 AM','admin'), 
   (108,1,'1241','transport stores',22,'active','21-06-2023 08:46:43 AM','admin'), 
   (109,1,'1242','Sec transport',22,'active','21-06-2023 08:46:43 AM','admin'),    
   (110,1,'1244','HR Manager',23,'active','21-06-2023 08:46:43 AM','admin'), 
   (111,1,'1245','Dep registar recruit',23,'active','21-06-2023 08:46:43 AM','admin'), 
   (112,1,'1246','Dep registra personnel',23,'active','21-06-2023 08:46:43 AM','admin'), 
   (113,1,'1247','Dep registrar training',23,'active','21-06-2023 08:46:43 AM','admin'), 
   (114,1,'1248','Snr asst registrar',23,'active','21-06-2023 08:46:43 AM','admin'), 
   (115,1,'1249','Snr Sec Hr',23,'active','21-06-2023 08:46:43 AM','admin'), 
   (116,1,'1250','Clerk HR',23,'active','21-06-2023 08:46:43 AM','admin'), 
   (117,1,'1251','Sec HR',23,'active','21-06-2023 08:46:43 AM','admin'), 
   (118,1,'1269','Incharge registry',24,'active','21-06-2023 08:46:43 AM','admin'), 
   (119,1,'1270','Dep Incharge registry',24,'active','21-06-2023 08:46:43 AM','admin'), 
   (120,1,'1271','snr clerk 1 registry',24,'active','21-06-2023 08:46:43 AM','admin'), 
   (121,1,'1272','snr clerk 2 registry',24,'active','21-06-2023 08:46:43 AM','admin'), 
   (122,1,'1273','snr clerk 3 registry',24,'active','21-06-2023 08:46:43 AM','admin'), 
   (123,1,'1274','Sec registry',24,'active','21-06-2023 08:46:43 AM','admin'), 
   (124,1,'1284','Sec planning',25,'active','21-06-2023 08:46:43 AM','admin'), 
   (125,1,'1285','Dep reg planning',25,'active','21-06-2023 08:46:43 AM','admin'), 
   (126,1,'1286','HR Snr Admin',23,'active','21-06-2023 08:46:43 AM','admin'), 
   (127,1,'1287','HR Admin asst',23,'active','21-06-2023 08:46:43 AM','admin'), 
   (128,1,'1288','Asst reg planning',25,'active','21-06-2023 08:46:43 AM','admin'), 
   (129,1,'1289','Admin planning',25,'active','21-06-2023 08:46:43 AM','admin'), 
   (130,1,'1290','Clerk planning',25,'active','21-06-2023 08:46:43 AM','admin'), 
   (131,1,'1291','snr admin asst1 planning',25,'active','21-06-2023 08:46:43 AM','admin'), 
   (132,1,'1292','snr admin asst2 planning',25,'active','21-06-2023 08:46:43 AM','admin'), 
   (133,1,'1299','Sec central services',26,'active','21-06-2023 08:46:43 AM','admin'), 
   (134,1,'1300','Dep registrar CS',26,'active','21-06-2023 08:46:43 AM','admin'), 
   (135,1,'1301','Asst reg CS',26,'active','21-06-2023 08:46:43 AM','admin'), 
   (136,1,'1302','clerk CS',26,'active','21-06-2023 08:46:43 AM','admin'), 
   (137,1,'1319','Chief catering manager',27,'active','21-06-2023 08:46:43 AM','admin'), 
   (138,1,'1320','Raphae',27,'active','21-06-2023 08:46:43 AM','admin'), 
   (139,1,'1321','Dep catering manager',27,'active','21-06-2023 08:46:43 AM','admin'), 
   (140,1,'1322','cateresse office',27,'active','21-06-2023 08:46:43 AM','admin'), 
   (141,1,'1323','staff cafeteria',27,'active','21-06-2023 08:46:43 AM','admin'), 
   (142,1,'1324','Laundry',27,'active','21-06-2023 08:46:43 AM','admin'), 
   (143,1,'1325','reception catering',27,'active','21-06-2023 08:46:43 AM','admin'), 
   (144,1,'1326','science complex',27,'active','21-06-2023 08:46:43 AM','admin'), 
   (145,1,'1327','hall 6 catering',27,'active','21-06-2023 08:46:43 AM','admin'), 
   (146,1,'1328','Sec chief catering manager',27,'active','21-06-2023 08:46:43 AM','admin'), 
   (147,1,'1344','Estates Manager',28,'active','21-06-2023 08:46:43 AM','admin'), 
   (148,1,'1345','Clerk of works',28,'active','21-06-2023 08:46:43 AM','admin'), 
   (149,1,'1346','Carpentry estates',28,'active','21-06-2023 08:46:43 AM','admin'), 
   (150,1,'1347','Welding estates',28,'active','21-06-2023 08:46:43 AM','admin'), 
   (151,1,'1348','Elec/mech estates',28,'active','21-06-2023 08:46:43 AM','admin'), 
   (152,1,'1349','Furniture/carpentry',28,'active','21-06-2023 08:46:43 AM','admin'), 
   (153,1,'1350','Estates Supervisor bldng',28,'active','21-06-2023 08:46:43 AM','admin'), 
   (154,1,'1351','Masonry/painting',28,'active','21-06-2023 08:46:43 AM','admin'), 
   (155,1,'1352','EMS coordinator',28,'active','21-06-2023 08:46:43 AM','admin'), 
   (156,1,'1353','Sec Estates',28,'active','21-06-2023 08:46:43 AM','admin'), 
   (157,1,'1364','Finance Officer',29,'active','21-06-2023 08:46:43 AM','admin'), 
   (158,1,'1365','Sec Finance Officer',29,'active','21-06-2023 08:46:43 AM','admin'), 
   (159,1,'1366','Clerk finance officer',29,'active','21-06-2023 08:46:43 AM','admin'), 
   (160,1,'1367','Dep Finance Offcr expen',29,'active','21-06-2023 08:46:43 AM','admin'), 
   (161,1,'1368','Dep Finance Offcr Rev',29,'active','21-06-2023 08:46:43 AM','admin'), 
   (162,1,'1369','Pensions',29,'active','21-06-2023 08:46:43 AM','admin'), 
   (163,1,'1370','Incharge Pensions',29,'active','21-06-2023 08:46:43 AM','admin'), 
   (164,1,'1371','Incharge final acct',29,'active','21-06-2023 08:46:43 AM','admin'), 
   (165,1,'1372','accountant 1',29,'active','21-06-2023 08:46:43 AM','admin'), 
   (166,1,'1373','accounts 1',29,'active','21-06-2023 08:46:43 AM','admin'), 
   (167,1,'1374','accountant 2',29,'active','21-06-2023 08:46:43 AM','admin'), 
   (168,1,'1375','accounts 2',29,'active','21-06-2023 08:46:43 AM','admin'), 
   (169,1,'1376','Incharge Salaries',29,'active','21-06-2023 08:46:43 AM','admin'), 
   (170,1,'1377','Payroll salaries',29,'active','21-06-2023 08:46:43 AM','admin'), 
   (171,1,'1378','Front office salaries',29,'active','21-06-2023 08:46:43 AM','admin'), 
   (172,1,'1379','Incharge Budgetary',29,'active','21-06-2023 08:46:43 AM','admin'),    
   (173,1,'1380','fixed Assets',29,'active','21-06-2023 08:46:43 AM','admin'), 
   (174,1,'1381','Incharge payments',29,'active','21-06-2023 08:46:43 AM','admin'), 
   (175,1,'1382','Payments acc 1',29,'active','21-06-2023 08:46:43 AM','admin'), 
   (176,1,'1383','payments acc 2',29,'active','21-06-2023 08:46:43 AM','admin'), 
   (177,1,'1384','Payments acc 3',29,'active','21-06-2023 08:46:43 AM','admin'), 
   (178,1,'1385','Incharge revenue',29,'active','21-06-2023 08:46:43 AM','admin'), 
   (179,1,'1386','Imprest issuance',29,'active','21-06-2023 08:46:43 AM','admin'), 
   (180,1,'1387','Paying cashier',29,'active','21-06-2023 08:46:43 AM','admin'), 
   (181,1,'1388','Receiving Cashier',29,'active','21-06-2023 08:46:43 AM','admin'), 
   (182,1,'1389','cheque writing',29,'active','21-06-2023 08:46:43 AM','admin'), 
   (183,1,'1390','cheque payments',29,'active','21-06-2023 08:46:43 AM','admin'), 
   (184,1,'1391','Chief cashier',29,'active','21-06-2023 08:46:43 AM','admin'), 
   (185,1,'1392','incharge PAYE',29,'active','21-06-2023 08:46:43 AM','admin'), 
   (186,1,'1393','PAYE Candle',29,'active','21-06-2023 08:46:43 AM','admin'), 
   (187,1,'1394','PAYE Serena',29,'active','21-06-2023 08:46:43 AM','admin'), 
   (188,1,'1395','PAYE Hall 7',29,'active','21-06-2023 08:46:43 AM','admin'), 
   (189,1,'1396','PAYE Main Cafeteria',29,'active','21-06-2023 08:46:43 AM','admin'), 
   (190,1,'1397','PAYE NSC',29,'active','21-06-2023 08:46:43 AM','admin'), 
   (191,1,'1398','PAYE 2 Hall 7',29,'active','21-06-2023 08:46:43 AM','admin'), 
   (192,1,'1399','PAYE Main Dining 1',29,'active','21-06-2023 08:46:43 AM','admin'), 
   (193,1,'1400','PAYE Main Dining 2',29,'active','21-06-2023 08:46:43 AM','admin'), 
   (194,1,'1401','Incharge Stud Finance',29,'active','21-06-2023 08:46:43 AM','admin'), 
   (195,1,'1402','Stud Finance acc 1',29,'active','21-06-2023 08:46:43 AM','admin'), 
   (196,1,'1403','Stud finance acc 2',29,'active','21-06-2023 08:46:43 AM','admin'), 
   (197,1,'1404','Stud finance acc 3',29,'active','21-06-2023 08:46:43 AM','admin'), 
   (198,1,'1405','stud finance acc 4',29,'active','21-06-2023 08:46:43 AM','admin'), 
   (199,1,'1406','Incharge Exam finance',29,'active','21-06-2023 08:46:43 AM','admin'), 
   (200,1,'1407','Hosp cashier',29,'active','21-06-2023 08:46:43 AM','admin'), 
   (201,1,'1408','finance archives',29,'active','21-06-2023 08:46:43 AM','admin'), 
   (202,1,'1409','Exam finance acc1',29,'active','21-06-2023 08:46:43 AM','admin'), 
   (203,1,'1410','Exam finance acc2',29,'active','21-06-2023 08:46:43 AM','admin'), 
   (204,1,'1411','Security finance',29,'active','21-06-2023 08:46:43 AM','admin'), 
   (205,1,'1412','Snr accts asst sodel',30,'active','21-06-2023 08:46:43 AM','admin'), 
   (206,1,'1413','Accts asst sodel',30,'active','21-06-2023 08:46:43 AM','admin'), 
   (207,1,'1419','CMO Office hosp',31,'active','21-06-2023 08:46:43 AM','admin'), 
   (208,1,'1420','Sec CMO hosp',31,'active','21-06-2023 08:46:43 AM','admin'), 
   (209,1,'1421','Hospital Admin',31,'active','21-06-2023 08:46:43 AM','admin'), 
   (210,1,'1422','Records Hosp',31,'active','21-06-2023 08:46:43 AM','admin'), 
   (211,1,'1423','Consult room2 hosp',31,'active','21-06-2023 08:46:43 AM','admin'), 
   (212,1,'1424','Consult room3 hosp',31,'active','21-06-2023 08:46:43 AM','admin'), 
   (213,1,'1425','Consult room4 hosp',31,'active','21-06-2023 08:46:43 AM','admin'), 
   (214,1,'1426','Consult room5 hosp',31,'active','21-06-2023 08:46:43 AM','admin'), 
   (215,1,'1427','Consult room6 hosp',31,'active','21-06-2023 08:46:43 AM','admin'), 
   (216,1,'1428','Consult room8 hosp',31,'active','21-06-2023 08:46:43 AM','admin'), 
   (217,1,'1429','Treatment room',31,'active','21-06-2023 08:46:43 AM','admin'), 
   (218,1,'1430','Family planning',31,'active','21-06-2023 08:46:43 AM','admin'), 
   (219,1,'1431','Male ward',31,'active','21-06-2023 08:46:43 AM','admin'), 
   (220,1,'1432','Female ward',31,'active','21-06-2023 08:46:43 AM','admin'), 
   (221,1,'1433','Paediatric ward',31,'active','21-06-2023 08:46:43 AM','admin'), 
   (222,1,'1434','X-ray',31,'active','21-06-2023 08:46:43 AM','admin'), 
   (223,1,'1435','Incharge hosp lab',31,'active','21-06-2023 08:46:43 AM','admin'), 
   (224,1,'1436','Hosp Lab',31,'active','21-06-2023 08:46:43 AM','admin'), 
   (225,1,'1437','Dental',31,'active','21-06-2023 08:46:43 AM','admin'), 
   (226,1,'1438','Hosp Pharmacy',31,'active','21-06-2023 08:46:43 AM','admin'), 
   (227,1,'1439','Hosp VCT',31,'active','21-06-2023 08:46:43 AM','admin'), 
   (228,1,'1440','Princ nursing offices',31,'active','21-06-2023 08:46:43 AM','admin'), 
   (229,1,'1441','Hosp Nutritionist',31,'active','21-06-2023 08:46:43 AM','admin'), 
   (230,1,'1442','Hosp Physiotherapy',31,'active','21-06-2023 08:46:43 AM','admin'), 
   (231,1,'1443','Hosp Laundry',31,'active','21-06-2023 08:46:43 AM','admin'), 
   (232,1,'1444','Hosp Kitchen',31,'active','21-06-2023 08:46:43 AM','admin'), 
   (233,1,'1445','Environ health office',31,'active','21-06-2023 08:46:43 AM','admin'), 
   (234,1,'1446','Hosp records filing area',31,'active','21-06-2023 08:46:43 AM','admin'), 
   (235,1,'1447','CCC Reception hosp',31,'active','21-06-2023 08:46:43 AM','admin'), 
   (236,1,'1448','pharmacy ccc',31,'active','21-06-2023 08:46:43 AM','admin'), 
   (237,1,'1449','Lab ccc',31,'active','21-06-2023 08:46:43 AM','admin'), 
   (238,1,'1450','nutritionist CCC',31,'active','21-06-2023 08:46:43 AM','admin'), 
   (239,1,'1451','Clinician CCC',31,'active','21-06-2023 08:46:43 AM','admin'), 
   (240,1,'1452','Nurse CCC',31,'active','21-06-2023 08:46:43 AM','admin'), 
   (241,1,'1459','CPO',32,'active','21-06-2023 08:46:43 AM','admin'),    
   (242,1,'1460','PPO',32,'active','21-06-2023 08:46:43 AM','admin'), 
   (243,1,'1461','Sec Proc',32,'active','21-06-2023 08:46:43 AM','admin'), 
   (244,1,'1462','Documentation proc',32,'active','21-06-2023 08:46:43 AM','admin'), 
   (245,1,'1463','Tenders proc',32,'active','21-06-2023 08:46:43 AM','admin'), 
   (246,1,'1464','Gen maint proc',32,'active','21-06-2023 08:46:43 AM','admin'), 
   (247,1,'1465','Teaching mat proc',32,'active','21-06-2023 08:46:43 AM','admin'), 
   (248,1,'1466','Equipment proc',32,'active','21-06-2023 08:46:43 AM','admin'), 
   (249,1,'1467','examination proc',32,'active','21-06-2023 08:46:43 AM','admin'), 
   (250,1,'1468','Incharge central stores',32,'active','21-06-2023 08:46:43 AM','admin'), 
   (251,1,'1469','PPO proc proposed',32,'active','21-06-2023 08:46:43 AM','admin'), 
   (252,1,'1470','catering proc',32,'active','21-06-2023 08:46:43 AM','admin'), 
   (253,1,'1471','boardroom proc',32,'active','21-06-2023 08:46:43 AM','admin'), 
   (254,1,'1472','Central stores',33,'active','21-06-2023 08:46:43 AM','admin'), 
   (255,1,'1473','Petrol pump stores',33,'active','21-06-2023 08:46:43 AM','admin'), 
   (256,1,'1474','Catering stores',33,'active','21-06-2023 08:46:43 AM','admin'), 
   (257,1,'1475','Hospital stores',33,'active','21-06-2023 08:46:43 AM','admin'), 
   (258,1,'1476','Recept central stores',33,'active','21-06-2023 08:46:43 AM','admin'), 
   (259,1,'1477','Proc offcr 1 central stores',33,'active','21-06-2023 08:46:43 AM','admin'), 
   (260,1,'1478','Proc offcr 2 central stores',33,'active','21-06-2023 08:46:43 AM','admin'), 
   (261,1,'1489','Incharge tailoring',34,'active','21-06-2023 08:46:43 AM','admin'), 
   (262,1,'1490','tailoring workshop',34,'active','21-06-2023 08:46:43 AM','admin'), 
   (263,1,'1499','Incharge sys admin DVC AA',35,'active','21-06-2023 08:46:43 AM','admin'), 
   (264,1,'1500','Sys admin1 DVC AA',35,'active','21-06-2023 08:46:43 AM','admin'), 
   (265,1,'1501','Sys admin2 DVC AA',35,'active','21-06-2023 08:46:43 AM','admin'), 
   (266,1,'1502','DVC AA',35,'active','21-06-2023 08:46:43 AM','admin'), 
   (267,1,'1503','Sec DVC AA',35,'active','21-06-2023 08:46:43 AM','admin'), 
   (268,1,'1504','Clerk DVC AA',35,'active','21-06-2023 08:46:43 AM','admin'), 
   (269,1,'1505','Sec 2 DVC AA',35,'active','21-06-2023 08:46:43 AM','admin'), 
   (270,1,'1506','DVC AA Boardroom',35,'active','21-06-2023 08:46:43 AM','admin'), 
   (271,1,'1514','Registrar AA',36,'active','21-06-2023 08:46:43 AM','admin'), 
   (272,1,'1515','Reg AA Sec1',36,'active','21-06-2023 08:46:43 AM','admin'), 
   (273,1,'1516','Reg AA Sec2',36,'active','21-06-2023 08:46:43 AM','admin'),    
   (274,1,'1517','Reg AA Messenger',36,'active','21-06-2023 08:46:43 AM','admin'), 
   (275,1,'1518','Reg AA clerk',36,'active','21-06-2023 08:46:43 AM','admin'), 
   (276,1,'1529','Dep Reg Admissions',36,'active','21-06-2023 08:46:43 AM','admin'), 
   (277,1,'1530','Sec Dep reg Admissions',36,'active','21-06-2023 08:46:43 AM','admin'), 
   (278,1,'1531','Snr Admin admissions',36,'active','21-06-2023 08:46:43 AM','admin'), 
   (279,1,'1549','Dep reg academic P&T',37,'active','21-06-2023 08:46:43 AM','admin'), 
   (280,1,'1550','P&T Reception',37,'active','21-06-2023 08:46:43 AM','admin'), 
   (281,1,'1551','Admin P&T',37,'active','21-06-2023 08:46:43 AM','admin'), 
   (282,1,'1552','Clerk P&T',37,'active','21-06-2023 08:46:43 AM','admin'), 
   (283,1,'1553','Admins P&T',37,'active','21-06-2023 08:46:43 AM','admin'), 
   (284,1,'1629','Director DAQA',38,'active','21-06-2023 08:46:43 AM','admin'), 
   (285,1,'1630','Dep director DAQA',38,'active','21-06-2023 08:46:43 AM','admin'), 
   (286,1,'1631','Snr Admin asst DAQA',38,'active','21-06-2023 08:46:43 AM','admin'), 
   (287,1,'1632','Admin asst DAQA',38,'active','21-06-2023 08:46:43 AM','admin'), 
   (288,1,'1633','Clerk 1 DAQA',38,'active','21-06-2023 08:46:43 AM','admin'), 
   (289,1,'1634','Clerk 2 DAQA',38,'active','21-06-2023 08:46:43 AM','admin'), 
   (290,1,'1635','Clerk 3 DAQA',38,'active','21-06-2023 08:46:43 AM','admin'), 
   (291,1,'1636','Clerk 4 DAQA',38,'active','21-06-2023 08:46:43 AM','admin'), 
   (292,1,'1637','Clerk 5 DAQA',38,'active','21-06-2023 08:46:43 AM','admin'), 
   (293,1,'1638','Clerk 6 DAQA',38,'active','21-06-2023 08:46:43 AM','admin'), 
   (294,1,'1639','clerk/sec DAQA',38,'active','21-06-2023 08:46:43 AM','admin'), 
   (295,1,'1640','DAQA office 1 NSC',38,'active','21-06-2023 08:46:43 AM','admin'), 
   (296,1,'1641','DAQA office 2 NSC',38,'active','21-06-2023 08:46:43 AM','admin'), 
   (297,1,'1649','BPS director',39,'active','21-06-2023 08:46:43 AM','admin'), 
   (298,1,'1650','Sec BPS',39,'active','21-06-2023 08:46:43 AM','admin'), 
   (299,1,'1651','Admin 1 BPS',39,'active','21-06-2023 08:46:43 AM','admin'), 
   (300,1,'1652','Admin 2 BPS',39,'active','21-06-2023 08:46:43 AM','admin'), 
   (301,1,'1653','Admin 3 BPS',39,'active','21-06-2023 08:46:43 AM','admin'), 
   (302,1,'1654','Clerk BPS',39,'active','21-06-2023 08:46:43 AM','admin'), 
   (303,1,'1655','Sec 2 BPS',39,'active','21-06-2023 08:46:43 AM','admin'), 
   (304,1,'1669','Director gender & mentoring',40,'active','21-06-2023 08:46:43 AM','admin'), 
   (305,1,'1670','Dep director gender',40,'active','21-06-2023 08:46:43 AM','admin'), 
   (306,1,'1671','Admin gender',40,'active','21-06-2023 08:46:43 AM','admin'), 
   (307,1,'1672','Sec gender & mentoring',40,'active','21-06-2023 08:46:43 AM','admin'), 
   (308,1,'1684','Counselor St welfare',41,'active','21-06-2023 08:46:43 AM','admin'), 
   (309,1,'1685','Anti-narcotics Sec',41,'active','21-06-2023 08:46:43 AM','admin'), 
   (310,1,'1686','Counsellor 2 welfare',41,'active','21-06-2023 08:46:43 AM','admin'), 
   (311,1,'1687','Counsellor 3 welfare',41,'active','21-06-2023 08:46:43 AM','admin'), 
   (312,1,'1688','Counsellor 4 welfare',41,'active','21-06-2023 08:46:43 AM','admin'), 
   (313,1,'1689','Counsellor 5 welfare',41,'active','21-06-2023 08:46:43 AM','admin'), 
   (314,1,'1690','Counsellor 6 welfare',41,'active','21-06-2023 08:46:43 AM','admin'), 
   (315,1,'1691','Principal counsellor',41,'active','21-06-2023 08:46:43 AM','admin'), 
   (316,1,'1692','Admin welfare',41,'active','21-06-2023 08:46:43 AM','admin'), 
   (317,1,'1693','Mail Registry',42,'active','21-06-2023 08:46:43 AM','admin'), 
   (318,1,'1694','Dean of Students',43,'active','21-06-2023 08:46:43 AM','admin'), 
   (319,1,'1695','Dep Dean  of student',43,'active','21-06-2023 08:46:43 AM','admin'), 
   (320,1,'1696','Snr Asst Dean of student',43,'active','21-06-2023 08:46:43 AM','admin'), 
   (321,1,'1697','Chaplain Protestant',44,'active','21-06-2023 08:46:43 AM','admin'), 
   (322,1,'1698','Chaplain Catholic',44,'active','21-06-2023 08:46:43 AM','admin'), 
   (323,1,'1699','Sec Chaplian catholic',44,'active','21-06-2023 08:46:43 AM','admin'), 
   (324,1,'1709','Director sports',45,'active','21-06-2023 08:46:43 AM','admin'), 
   (325,1,'1710','Sec Sports',45,'active','21-06-2023 08:46:43 AM','admin'), 
   (326,1,'1711','Office 2 sports',45,'active','21-06-2023 08:46:43 AM','admin'), 
   (327,1,'1712','Office 3 sports',45,'active','21-06-2023 08:46:43 AM','admin'), 
   (328,1,'1713','office 4 sports',45,'active','21-06-2023 08:46:43 AM','admin'), 
   (329,1,'1714','staff recreation centre',45,'active','21-06-2023 08:46:43 AM','admin'), 
   (330,1,'1715','Swimming pool',45,'active','21-06-2023 08:46:43 AM','admin'), 
   (331,1,'1724','Librarian office LS',46,'active','21-06-2023 08:46:43 AM','admin'), 
   (332,1,'1725','Librarian AP',46,'active','21-06-2023 08:46:43 AM','admin'), 
   (333,1,'1726','Reference 1',46,'active','21-06-2023 08:46:43 AM','admin'), 
   (334,1,'1727','Reference 2',46,'active','21-06-2023 08:46:43 AM','admin'), 
   (335,1,'1728','Acquisition LIB',46,'active','21-06-2023 08:46:43 AM','admin'), 
   (336,1,'1729','Processing 1 LIB',46,'active','21-06-2023 08:46:43 AM','admin'), 
   (337,1,'1730','Processing 2 LIB',46,'active','21-06-2023 08:46:43 AM','admin'), 
   (338,1,'1731','Circulation LIB',46,'active','21-06-2023 08:46:43 AM','admin'), 
   (339,1,'1732','IT LIB',46,'active','21-06-2023 08:46:43 AM','admin'), 
   (340,1,'1733','Bindery LIB',46,'active','21-06-2023 08:46:43 AM','admin'), 
   (341,1,'1734','Circulation LIB 2',46,'active','21-06-2023 08:46:43 AM','admin'), 
   (342,1,'1735','SEC Library',46,'active','21-06-2023 08:46:43 AM','admin'), 
   (343,1,'1736','Dep Uni Librarian 1',46,'active','21-06-2023 08:46:43 AM','admin'), 
   (344,1,'1737','Dep Uni Librarian 2',46,'active','21-06-2023 08:46:43 AM','admin'), 
   (345,1,'1738','Security Library',46,'active','21-06-2023 08:46:43 AM','admin'), 
   (346,1,'1754','Reception SODeL',30,'active','21-06-2023 08:46:43 AM','admin'), 
   (347,1,'1755','Director SODeL',30,'active','21-06-2023 08:46:43 AM','admin'), 
   (348,1,'1756','Admin Asst SODeL',30,'active','21-06-2023 08:46:43 AM','admin'), 
   (349,1,'1757','Inst Designers SODeL',30,'active','21-06-2023 08:46:43 AM','admin'), 
   (350,1,'1758','registry Sodel',30,'active','21-06-2023 08:46:43 AM','admin'), 
   (351,1,'1759','Registrar sodel',30,'active','21-06-2023 08:46:43 AM','admin'), 
   (352,1,'1760','Admin asst sodel rm 1',30,'active','21-06-2023 08:46:43 AM','admin'), 
   (353,1,'1761','Admin asst sodel rm 3',30,'active','21-06-2023 08:46:43 AM','admin'), 
   (354,1,'1762','Dep registrar sodel',30,'active','21-06-2023 08:46:43 AM','admin'), 
   (355,1,'1763','Dep director Sodel',30,'active','21-06-2023 08:46:43 AM','admin'), 
   (356,1,'1764','Reception 2 SODEL',30,'active','21-06-2023 08:46:43 AM','admin'), 
   (357,1,'1765','Dep director sodel C & D',30,'active','21-06-2023 08:46:43 AM','admin'), 
   (358,1,'1766','Admin Asst sodel C & D',30,'active','21-06-2023 08:46:43 AM','admin'), 
   (359,1,'1767','Reception sodel C & D',30,'active','21-06-2023 08:46:43 AM','admin'), 
   (360,1,'1794','Principal COHRED',47,'active','21-06-2023 08:46:43 AM','admin'), 
   (361,1,'1795','Sec COHRED',47,'active','21-06-2023 08:46:43 AM','admin'), 
   (362,1,'1796','Admin COHRED',47,'active','21-06-2023 08:46:43 AM','admin'), 
   (363,1,'1797','Student registry COHRED',47,'active','21-06-2023 08:46:43 AM','admin'), 
   (364,1,'1798','Comp lab COHRED',47,'active','21-06-2023 08:46:43 AM','admin'), 
   (365,1,'1799','Exams COHRED',47,'active','21-06-2023 08:46:43 AM','admin'), 
   (366,1,'1814','Chairperson DS',48,'active','21-06-2023 08:46:43 AM','admin'), 
   (367,1,'1815','Sec DS',48,'active','21-06-2023 08:46:43 AM','admin'), 
   (368,1,'1816','Clerk DDS',48,'active','21-06-2023 08:46:43 AM','admin'), 
   (369,1,'1817','Prog Coordinat DS',48,'active','21-06-2023 08:46:43 AM','admin'), 
   (370,1,'1818','Research & consult DS',48,'active','21-06-2023 08:46:43 AM','admin'), 
   (371,1,'1819','Exam offcr DS',48,'active','21-06-2023 08:46:43 AM','admin'), 
   (372,1,'1820','Chair postgrad DS',48,'active','21-06-2023 08:46:43 AM','admin'), 
   (373,1,'1821','postgrad advisor DS',48,'active','21-06-2023 08:46:43 AM','admin'), 
   (374,1,'1822','Project coordinat DS',48,'active','21-06-2023 08:46:43 AM','admin'), 
   (375,1,'1823','Trip coordinator DS',48,'active','21-06-2023 08:46:43 AM','admin'), 
   (376,1,'1829','Chairperson MTAC',49,'active','21-06-2023 08:46:43 AM','admin'), 
   (377,1,'1830','Sec MTAC',49,'active','21-06-2023 08:46:43 AM','admin'), 
   (378,1,'1831','Attach coordinat MTAC',49,'active','21-06-2023 08:46:43 AM','admin'), 
   (379,1,'1832','SCDS Admin',49,'active','21-06-2023 08:46:43 AM','admin'), 
   (380,1,'1833','Clerk SCDS',49,'active','21-06-2023 08:46:43 AM','admin'), 
   (381,1,'1834','Exam Offcr MTAC',49,'active','21-06-2023 08:46:43 AM','admin'), 
   (382,1,'1835','Chair postgrad MTAC',49,'active','21-06-2023 08:46:43 AM','admin'), 
   (383,1,'1836','Sec dean SCDS',49,'active','21-06-2023 08:46:43 AM','admin'), 
   (384,1,'1837','SCDS Studio',49,'active','21-06-2023 08:46:43 AM','admin'), 
   (385,1,'1838','Trip coordinat MTAC',49,'active','21-06-2023 08:46:43 AM','admin'),    
   (386,1,'1844','Chaiperson CLL',49,'active','21-06-2023 08:46:43 AM','admin'), 
   (387,1,'1845','Sec CLL',49,'active','21-06-2023 08:46:43 AM','admin'), 
   (388,1,'1846','Clerk MTAC',49,'active','21-06-2023 08:46:43 AM','admin'), 
   (389,1,'1847','Research & consult CLL',49,'active','21-06-2023 08:46:43 AM','admin'), 
   (390,1,'1848','Exam offcr CLL',49,'active','21-06-2023 08:46:43 AM','admin'), 
   (391,1,'1874','Dean sch of business',50,'active','21-06-2023 08:46:43 AM','admin'), 
   (392,1,'1875','Reception sch of business',50,'active','21-06-2023 08:46:43 AM','admin'), 
   (393,1,'1876','Chairman buss admin',50,'active','21-06-2023 08:46:43 AM','admin'), 
   (394,1,'1877','CLB lab A',51,'active','21-06-2023 08:46:43 AM','admin'), 
   (395,1,'1878','CLB lab B',51,'active','21-06-2023 08:46:43 AM','admin'), 
   (396,1,'1884','Chairman econ acc fin',52,'active','21-06-2023 08:46:43 AM','admin'), 
   (397,1,'1885','Sec econ acc fin',52,'active','21-06-2023 08:46:43 AM','admin'), 
   (398,1,'1886','Lecturer econ acc rm 11',52,'active','21-06-2023 08:46:43 AM','admin'), 
   (399,1,'1887','Lecturer econ acc rm 12',52,'active','21-06-2023 08:46:43 AM','admin'), 
   (400,1,'1888','Lecturer econ acc rm 15',52,'active','21-06-2023 08:46:43 AM','admin'), 
   (401,1,'1889','lecturer econ acc rm 16',52,'active','21-06-2023 08:46:43 AM','admin'), 
   (402,1,'1899','post grad cord DBA',50,'active','21-06-2023 08:46:43 AM','admin'), 
   (403,1,'1900','Sec buss admin',50,'active','21-06-2023 08:46:43 AM','admin'), 
   (404,1,'1901','Lecturer buss admin rm 13',50,'active','21-06-2023 08:46:43 AM','admin'), 
   (405,1,'1902','Lecturer buss admin rm 32',50,'active','21-06-2023 08:46:43 AM','admin'), 
   (406,1,'1903','Lecturer buss admin rm 14',50,'active','21-06-2023 08:46:43 AM','admin'), 
   (407,1,'1914','Dean SEPM',53,'active','21-06-2023 08:46:43 AM','admin'), 
   (408,1,'1915','Sec SEPM',53,'active','21-06-2023 08:46:43 AM','admin'), 
   (409,1,'1916','Clerk 1 SEPM',53,'active','21-06-2023 08:46:43 AM','admin'), 
   (410,1,'1917','Clerk 2 SEPM',53,'active','21-06-2023 08:46:43 AM','admin'), 
   (411,1,'1918','Chair ent tech lead manage',54,'active','21-06-2023 08:46:43 AM','admin'), 
   (412,1,'1919','Sec ent tech lead manage',54,'active','21-06-2023 08:46:43 AM','admin'), 
   (413,1,'1920','Clerk ent tech lead manage',54,'active','21-06-2023 08:46:43 AM','admin'), 
   (414,1,'1921','Prof namusonge',55,'active','21-06-2023 08:46:43 AM','admin'), 
   (415,1,'1929','Chairperson proc & log',32,'active','21-06-2023 08:46:43 AM','admin'), 
   (416,1,'1930','Sec proc & log',32,'active','21-06-2023 08:46:43 AM','admin'), 
   (417,1,'1931','Clerk proc & log',32,'active','21-06-2023 08:46:43 AM','admin'), 
   (418,1,'1944','Dean Agriculture',57,'active','21-06-2023 08:46:43 AM','admin'), 
   (419,1,'1945','Admin Agriculture',57,'active','21-06-2023 08:46:43 AM','admin'), 
   (420,1,'1946','Sec Agriculture',57,'active','21-06-2023 08:46:43 AM','admin'), 
   (421,1,'1947','Clerk Agriculture',57,'active','21-06-2023 08:46:43 AM','admin'), 
   (422,1,'1954','Chairman food science',58,'active','21-06-2023 08:46:43 AM','admin'), 
   (423,1,'1955','Sec chairman food science',58,'active','21-06-2023 08:46:43 AM','admin'), 
   (424,1,'1956','Dr Wawire food scie',58,'active','21-06-2023 08:46:43 AM','admin'), 
   (425,1,'1957','prof muhoho food scie',58,'active','21-06-2023 08:46:43 AM','admin'), 
   (426,1,'1958','Mrs Wandati food scie',58,'active','21-06-2023 08:46:43 AM','admin'), 
   (427,1,'1959','Dr Maina food scie',58,'active','21-06-2023 08:46:43 AM','admin'), 
   (428,1,'1960','prof makokha food scie',58,'active','21-06-2023 08:46:43 AM','admin'), 
   (429,1,'1961','food microbio lab',58,'active','21-06-2023 08:46:43 AM','admin'), 
   (430,1,'1962','post harvest lab',58,'active','21-06-2023 08:46:43 AM','admin'), 
   (431,1,'1963','Mr Kahenya food scie',58,'active','21-06-2023 08:46:43 AM','admin'), 
   (432,1,'1964','Dr Sila food scie',58,'active','21-06-2023 08:46:43 AM','admin'), 
   (433,1,'1965','Dr imathiu food scie',58,'active','21-06-2023 08:46:43 AM','admin'), 
   (434,1,'1966','Dr kiage food scie',58,'active','21-06-2023 08:46:43 AM','admin'), 
   (435,1,'1967','Prof Njoroge food scie',58,'active','21-06-2023 08:46:43 AM','admin'), 
   (436,1,'1968','Dr Kyalo food scie',58,'active','21-06-2023 08:46:43 AM','admin'), 
   (437,1,'1969','Food microbio lab 2',58,'active','21-06-2023 08:46:43 AM','admin'), 
   (438,1,'1970','Dr Onyango food scie',58,'active','21-06-2023 08:46:43 AM','admin'), 
   (439,1,'1971','Prof kenji food scie',58,'active','21-06-2023 08:46:43 AM','admin'), 
   (440,1,'1972','Dr Owino food scie',58,'active','21-06-2023 08:46:43 AM','admin'), 
   (441,1,'1973','Dr kinyuru food scie',58,'active','21-06-2023 08:46:43 AM','admin'), 
   (442,1,'1974','Lab food scie ALB',58,'active','21-06-2023 08:46:43 AM','admin'), 
   (443,1,'1975','comp rm food scie',58,'active','21-06-2023 08:46:43 AM','admin'), 
   (444,1,'1976','chief tech food scie',58,'active','21-06-2023 08:46:43 AM','admin'), 
   (445,1,'1977','Prof Mwasaru food scie',58,'active','21-06-2023 08:46:43 AM','admin'), 
   (446,1,'1994','Chairman land res & plan',59,'active','21-06-2023 08:46:43 AM','admin'), 
   (447,1,'1995','Sec land res & plan',59,'active','21-06-2023 08:46:43 AM','admin'), 
   (448,1,'1996','Dr Francis Nyonge',59,'active','21-06-2023 08:46:43 AM','admin'), 
   (449,1,'1997','Dr Thuo/Kulecho land res',59,'active','21-06-2023 08:46:43 AM','admin'), 
   (450,1,'1998','Dr Mburu land res',59,'active','21-06-2023 08:46:43 AM','admin'), 
   (451,1,'1999','Dr mburu john land res',59,'active','21-06-2023 08:46:43 AM','admin'), 
   (452,1,'2000','prof Ndegwa land res',59,'active','21-06-2023 08:46:43 AM','admin'), 
   (453,1,'2001','prof Lenga land res',59,'active','21-06-2023 08:46:43 AM','admin'), 
   (454,1,'2002','Dr Njoge',60,'active','21-06-2023 08:46:43 AM','admin'), 
   (455,1,'2034','technologist 1 horticulture',61,'active','21-06-2023 08:46:43 AM','admin'), 
   (456,1,'2035','technologist 2 horticulture',61,'active','21-06-2023 08:46:43 AM','admin'), 
   (457,1,'2036','prof Kahangi horticulture',61,'active','21-06-2023 08:46:43 AM','admin'), 
   (458,1,'2037','COD horticulture',61,'active','21-06-2023 08:46:43 AM','admin'), 
   (459,1,'2038','Prof Abukutsa horticulture',61,'active','21-06-2023 08:46:43 AM','admin'), 
   (460,1,'2039','Prof Githiri horticult',61,'active','21-06-2023 08:46:43 AM','admin'), 
   (461,1,'2040','prof Kamau horticult',61,'active','21-06-2023 08:46:43 AM','admin'), 
   (462,1,'2041','prof jecinta horticult',61,'active','21-06-2023 08:46:43 AM','admin'), 
   (463,1,'2042','prof Kavoi horticult',61,'active','21-06-2023 08:46:43 AM','admin'), 
   (464,1,'2043','prof Losenge horticult',61,'active','21-06-2023 08:46:43 AM','admin'), 
   (465,1,'2044','Prof nyende horticult',61,'active','21-06-2023 08:46:43 AM','admin'), 
   (466,1,'2045','Dr Elisha horticult',61,'active','21-06-2023 08:46:43 AM','admin'), 
   (467,1,'2046','Dr Njoroge horticult',61,'active','21-06-2023 08:46:43 AM','admin'), 
   (468,1,'2047','Dr Wesonga horticult',61,'active','21-06-2023 08:46:43 AM','admin'), 
   (469,1,'2048','Dr Wanzala',61,'active','21-06-2023 08:46:43 AM','admin'), 
   (470,1,'2049','Dr Agnes horticult',61,'active','21-06-2023 08:46:43 AM','admin'), 
   (471,1,'2050','Dr Hunja horticult',61,'active','21-06-2023 08:46:43 AM','admin'), 
   (472,1,'2051','Dr Lucy/Adimo horticult',61,'active','21-06-2023 08:46:43 AM','admin'), 
   (473,1,'2052','mr Kinoti horticult',61,'active','21-06-2023 08:46:43 AM','admin'), 
   (474,1,'2053','Mr wainaina horticult',61,'active','21-06-2023 08:46:43 AM','admin'),    
   (475,1,'2054','Mr Mwanzia/Maithya horticul',61,'active','21-06-2023 08:46:43 AM','admin'), 
   (476,1,'2055','Ms naomi horticult',61,'active','21-06-2023 08:46:43 AM','admin'), 
   (477,1,'2056','Ms lilian horticult',61,'active','21-06-2023 08:46:43 AM','admin'), 
   (478,1,'2057','chief tech horticult',61,'active','21-06-2023 08:46:43 AM','admin'), 
   (479,1,'2058','Mr ndakala horticult',61,'active','21-06-2023 08:46:43 AM','admin'), 
   (480,1,'2059','Ms christine horticult',61,'active','21-06-2023 08:46:43 AM','admin'), 
   (481,1,'2060','ms Rose horticult',61,'active','21-06-2023 08:46:43 AM','admin'), 
   (482,1,'2061','Mr Patrick horticult',61,'active','21-06-2023 08:46:43 AM','admin'), 
   (483,1,'2109','principal COETEC',62,'active','21-06-2023 08:46:43 AM','admin'), 
   (484,1,'2110','Sec COETEC',62,'active','21-06-2023 08:46:43 AM','admin'), 
   (485,1,'2111','D/Registrar COETEC',62,'active','21-06-2023 08:46:43 AM','admin'), 
   (486,1,'2112','Snr Asst reg COETEC',62,'active','21-06-2023 08:46:43 AM','admin'), 
   (487,1,'2113','Admin Asst COETEC',62,'active','21-06-2023 08:46:43 AM','admin'), 
   (488,1,'2114','Clerk COETEC',62,'active','21-06-2023 08:46:43 AM','admin'), 
   (489,1,'2115','Messenger COETEC',62,'active','21-06-2023 08:46:43 AM','admin'), 
   (490,1,'2134','manager Eng workshop',63,'active','21-06-2023 08:46:43 AM','admin'), 
   (491,1,'2135','chief tech eng workshop',63,'active','21-06-2023 08:46:43 AM','admin'), 
   (492,1,'2136','Masonry shop',63,'active','21-06-2023 08:46:43 AM','admin'), 
   (493,1,'2137','Carpentry shop',63,'active','21-06-2023 08:46:43 AM','admin'), 
   (494,1,'2138','Welding shop',63,'active','21-06-2023 08:46:43 AM','admin'), 
   (495,1,'2139','Motor vehicle wrkshop',63,'active','21-06-2023 08:46:43 AM','admin'), 
   (496,1,'2140','Machine shop',63,'active','21-06-2023 08:46:43 AM','admin'), 
   (497,1,'2141','IPI shop',63,'active','21-06-2023 08:46:43 AM','admin'), 
   (498,1,'2142','Fitting shop',63,'active','21-06-2023 08:46:43 AM','admin'), 
   (499,1,'2143','Foundry shop',63,'active','21-06-2023 08:46:43 AM','admin'), 
   (500,1,'2144','Comp rm Eng Wrkshp',63,'active','21-06-2023 08:46:43 AM','admin'), 
   (501,1,'2145','Plumbing shop',63,'active','21-06-2023 08:46:43 AM','admin'), 
   (502,1,'2146','Sec Eng wrkshp Manager',63,'active','21-06-2023 08:46:43 AM','admin'), 
   (503,1,'2147','Lib rm Eng wrkshp',63,'active','21-06-2023 08:46:43 AM','admin'), 
   (504,1,'2148','Tricycle office eng wrkshp',63,'active','21-06-2023 08:46:43 AM','admin'), 
   (505,1,'2149','Engine rm eng wrkshp',63,'active','21-06-2023 08:46:43 AM','admin'), 
   (506,1,'2159','Dean SEEIE',64,'active','21-06-2023 08:46:43 AM','admin'), 
   (507,1,'2160','Sec SEEIE',64,'active','21-06-2023 08:46:43 AM','admin'), 
   (508,1,'2161','Clerk SEEIE',64,'active','21-06-2023 08:46:43 AM','admin'), 
   (509,1,'2162','Admin SEEIE',64,'active','21-06-2023 08:46:43 AM','admin'), 
   (510,1,'2169','Chairman elec eng',65,'active','21-06-2023 08:46:43 AM','admin'), 
   (511,1,'2170','Prof nderu elec eng',65,'active','21-06-2023 08:46:43 AM','admin'), 
   (512,1,'2171','Prof Kangethe elec eng',65,'active','21-06-2023 08:46:43 AM','admin'), 
   (513,1,'2172','Dr kamau elec eng',65,'active','21-06-2023 08:46:43 AM','admin'), 
   (514,1,'2173','Dr Murage elec eng',65,'active','21-06-2023 08:46:43 AM','admin'), 
   (515,1,'2174','Dr Kaberere elec eng',65,'active','21-06-2023 08:46:43 AM','admin'), 
   (516,1,'2175','eng Mbugua elec eng',65,'active','21-06-2023 08:46:43 AM','admin'), 
   (517,1,'2176','Mr Baariu elec eng',65,'active','21-06-2023 08:46:43 AM','admin'), 
   (518,1,'2177','Mr Kivuva elec eng',65,'active','21-06-2023 08:46:43 AM','admin'), 
   (519,1,'2178','mercy/irene/samson elec eng',65,'active','21-06-2023 08:46:43 AM','admin'), 
   (520,1,'2179','chief tech elec eng',65,'active','21-06-2023 08:46:43 AM','admin'), 
   (521,1,'2180','Electronics lab 1',65,'active','21-06-2023 08:46:43 AM','admin'), 
   (522,1,'2181','Electronics lab 2',65,'active','21-06-2023 08:46:43 AM','admin'), 
   (523,1,'2182','comp lab elec eng',65,'active','21-06-2023 08:46:43 AM','admin'), 
   (524,1,'2183','digital lab elec eng',65,'active','21-06-2023 08:46:43 AM','admin'), 
   (525,1,'2184','machines lab',65,'active','21-06-2023 08:46:43 AM','admin'), 
   (526,1,'2185','COD office elec eng',65,'active','21-06-2023 08:46:43 AM','admin'), 
   (527,1,'2186','Install wrksp elec eng',65,'active','21-06-2023 08:46:43 AM','admin'), 
   (528,1,'2187','High voltage lab elec eng',65,'active','21-06-2023 08:46:43 AM','admin'), 
   (529,1,'2188','Sec COD elec eng',65,'active','21-06-2023 08:46:43 AM','admin'), 
   (530,1,'2194','COD TIE',66,'active','21-06-2023 08:46:43 AM','admin'), 
   (531,1,'2195','Lecturer 1 TIE',66,'active','21-06-2023 08:46:43 AM','admin'), 
   (532,1,'2196','Lab 1 TIE',66,'active','21-06-2023 08:46:43 AM','admin'), 
   (533,1,'2197','Lab 2 TIE',66,'active','21-06-2023 08:46:43 AM','admin'), 
   (534,1,'2198','Lab 3 TIE',66,'active','21-06-2023 08:46:43 AM','admin'), 
   (535,1,'2199','Lecturer 2 TIE',66,'active','21-06-2023 08:46:43 AM','admin'), 
   (536,1,'2200','Chief Tech TIE',66,'active','21-06-2023 08:46:43 AM','admin'), 
   (537,1,'2201','Sec TIE',66,'active','21-06-2023 08:46:43 AM','admin'), 
   (538,1,'2224','Dean SCEGE',67,'active','21-06-2023 08:46:43 AM','admin'), 
   (539,1,'2225','Sec dean SCEGE',67,'active','21-06-2023 08:46:43 AM','admin'), 
   (540,1,'2226','Admin SCEGE',67,'active','21-06-2023 08:46:43 AM','admin'), 
   (541,1,'2227','Clerk SCEGE',67,'active','21-06-2023 08:46:43 AM','admin'), 
   (542,1,'2264','Chief tech GEGIS',68,'active','21-06-2023 08:46:43 AM','admin'), 
   (543,1,'2265','Lecturer 1 GEGIS',68,'active','21-06-2023 08:46:43 AM','admin'), 
   (544,1,'2266','Chairman Academic GEGIS',68,'active','21-06-2023 08:46:43 AM','admin'), 
   (545,1,'2267','Exam Coordinator GEGIS',68,'active','21-06-2023 08:46:43 AM','admin'), 
   (546,1,'2268','GIS Lab GEGIS',68,'active','21-06-2023 08:46:43 AM','admin'), 
   (547,1,'2269','Survey Lab GEGIS',68,'active','21-06-2023 08:46:43 AM','admin'), 
   (548,1,'2270','Digital & Geodetic Lab',68,'active','21-06-2023 08:46:43 AM','admin'), 
   (549,1,'2271','Lecturer 2 GEGIS',68,'active','21-06-2023 08:46:43 AM','admin'), 
   (550,1,'2272','Lecturer 3 GEGIS',68,'active','21-06-2023 08:46:43 AM','admin'), 
   (551,1,'2273','Chairman GEGIS',68,'active','21-06-2023 08:46:43 AM','admin'), 
   (552,1,'2274','Sec GEGIS',68,'active','21-06-2023 08:46:43 AM','admin'), 
   (553,1,'2304','Dean SOMMME',69,'active','21-06-2023 08:46:43 AM','admin'), 
   (554,1,'2305','Sec dean SOMMME',69,'active','21-06-2023 08:46:43 AM','admin'), 
   (555,1,'2306','Admin SOMMME',69,'active','21-06-2023 08:46:43 AM','admin'), 
   (556,1,'2307','Clerk SOMMME',69,'active','21-06-2023 08:46:43 AM','admin'), 
   (557,1,'2319','Eng BK Kariuki mech eng',70,'active','21-06-2023 08:46:43 AM','admin'), 
   (558,1,'2320','Chief tech mech eng',70,'active','21-06-2023 08:46:43 AM','admin'), 
   (559,1,'2321','mechatronic lab annexe',70,'active','21-06-2023 08:46:43 AM','admin'), 
   (560,1,'2322','metrology lab mech eng',70,'active','21-06-2023 08:46:43 AM','admin'), 
   (561,1,'2323','Fluids lab mech eng',70,'active','21-06-2023 08:46:43 AM','admin'), 
   (562,1,'2324','chairman mech eng',70,'active','21-06-2023 08:46:43 AM','admin'), 
   (563,1,'2325','Sec mech eng',70,'active','21-06-2023 08:46:43 AM','admin'), 
   (564,1,'2326','SK Ngugi mech eng',70,'active','21-06-2023 08:46:43 AM','admin'), 
   (565,1,'2327','B Kosgey mech eng',70,'active','21-06-2023 08:46:43 AM','admin'), 
   (566,1,'2328','COD 2 mech eng',70,'active','21-06-2023 08:46:43 AM','admin'), 
   (567,1,'2329','Exams mech eng',70,'active','21-06-2023 08:46:43 AM','admin'), 
   (568,1,'2330','prof Kihiu mech eng',70,'active','21-06-2023 08:46:43 AM','admin'), 
   (569,1,'2331','Mr Gitahi mech eng',70,'active','21-06-2023 08:46:43 AM','admin'), 
   (570,1,'2332','Mr Mutua mech eng',70,'active','21-06-2023 08:46:43 AM','admin'), 
   (571,1,'2333','Prof S maranga mech eng',70,'active','21-06-2023 08:46:43 AM','admin'), 
   (572,1,'2334','Kenneth Kiragu mech eng',70,'active','21-06-2023 08:46:43 AM','admin'), 
   (573,1,'2335','Mr Mutevu mech eng',70,'active','21-06-2023 08:46:43 AM','admin'),    
   (574,1,'2336','Prof Nganga mech eng',70,'active','21-06-2023 08:46:43 AM','admin'), 
   (575,1,'2337','Dr Wanjii mech eng',70,'active','21-06-2023 08:46:43 AM','admin'), 
   (576,1,'2338','Mr Oketch mech eng',70,'active','21-06-2023 08:46:43 AM','admin'), 
   (577,1,'2339','Dr Muvengei mech eng',70,'active','21-06-2023 08:46:43 AM','admin'), 
   (578,1,'2340','John Odhiambo mech eng',70,'active','21-06-2023 08:46:43 AM','admin'), 
   (579,1,'2341','Mr Weramwanjamech eng',70,'active','21-06-2023 08:46:43 AM','admin'), 
   (580,1,'2342','undergrad comp rm mech eng',70,'active','21-06-2023 08:46:43 AM','admin'), 
   (581,1,'2343','Postgrad mech eng',70,'active','21-06-2023 08:46:43 AM','admin'), 
   (582,1,'2354','Vib & Control Lab',70,'active','21-06-2023 08:46:43 AM','admin'), 
   (583,1,'2355','Mechatronic Lab',71,'active','21-06-2023 08:46:43 AM','admin'), 
   (584,1,'2356','Lecturer 1 mechatronics',71,'active','21-06-2023 08:46:43 AM','admin'), 
   (585,1,'2357','Lecturer 2 mechatronics',71,'active','21-06-2023 08:46:43 AM','admin'), 
   (586,1,'2358','Lecturer 3 mechatronics',71,'active','21-06-2023 08:46:43 AM','admin'), 
   (587,1,'2359','Sec mechatronics',71,'active','21-06-2023 08:46:43 AM','admin'), 
   (588,1,'2360','Chairman mechatronics',71,'active','21-06-2023 08:46:43 AM','admin'), 
   (589,1,'2361','Lecturer 4 mechatronics',71,'active','21-06-2023 08:46:43 AM','admin'), 
   (590,1,'2362','Lecturer 5 mechatronics',71,'active','21-06-2023 08:46:43 AM','admin'), 
   (591,1,'2384','COD Sec BEED',72,'active','21-06-2023 08:46:43 AM','admin'), 
   (592,1,'2385','Prof Inoti BEED',72,'active','21-06-2023 08:46:43 AM','admin'), 
   (593,1,'2386','Prof Shitanda BEED',72,'active','21-06-2023 08:46:43 AM','admin'), 
   (594,1,'2387','Prof Mati BEED',72,'active','21-06-2023 08:46:43 AM','admin'), 
   (595,1,'2388','Pof Gathenya BEED',72,'active','21-06-2023 08:46:43 AM','admin'), 
   (596,1,'2389','Prof Home BEED',72,'active','21-06-2023 08:46:43 AM','admin'), 
   (597,1,'2390','Prof Kaluli BEED',72,'active','21-06-2023 08:46:43 AM','admin'), 
   (598,1,'2391','Prof Kanali BEED',72,'active','21-06-2023 08:46:43 AM','admin'), 
   (599,1,'2392','Prof Mailutha BEED',72,'active','21-06-2023 08:46:43 AM','admin'), 
   (600,1,'2393','Prof Ndegwa BEED',72,'active','21-06-2023 08:46:43 AM','admin'), 
   (601,1,'2394','Teaching Assist BEED',72,'active','21-06-2023 08:46:43 AM','admin'), 
   (602,1,'2395','Dr Ajwang BEED',72,'active','21-06-2023 08:46:43 AM','admin'), 
   (603,1,'2396','Dr Mugucia BEED',72,'active','21-06-2023 08:46:43 AM','admin'), 
   (604,1,'2397','S Weru BEED',72,'active','21-06-2023 08:46:43 AM','admin'), 
   (605,1,'2398','Alfayo Anyangu BEED',72,'active','21-06-2023 08:46:43 AM','admin'), 
   (606,1,'2399','Technicians BEED',72,'active','21-06-2023 08:46:43 AM','admin'), 
   (607,1,'2400','Chief Technologist BEED',72,'active','21-06-2023 08:46:43 AM','admin'), 
   (608,1,'2401','Computer room BEED',72,'active','21-06-2023 08:46:43 AM','admin'), 
   (609,1,'2402','Soil lab BEED',72,'active','21-06-2023 08:46:43 AM','admin'), 
   (610,1,'2403','J S Maina BEED',72,'active','21-06-2023 08:46:43 AM','admin'), 
   (611,1,'2404','Dr SW Mugasia BEED',72,'active','21-06-2023 08:46:43 AM','admin'), 
   (612,1,'2405','Eng S Njuguna BEED',72,'active','21-06-2023 08:46:43 AM','admin'), 
   (613,1,'2406','Dr Mutwiwa BEED',72,'active','21-06-2023 08:46:43 AM','admin'), 
   (614,1,'2407','Chairman BEED',72,'active','21-06-2023 08:46:43 AM','admin'), 
   (615,1,'2408','Admin BEED',72,'active','21-06-2023 08:46:43 AM','admin'), 
   (616,1,'2409','WARREC',73,'active','21-06-2023 08:46:43 AM','admin'), 
   (617,1,'2429','Dean SABS',74,'active','21-06-2023 08:46:43 AM','admin'), 
   (618,1,'2430','Sec dean SABS',74,'active','21-06-2023 08:46:43 AM','admin'), 
   (619,1,'2431','Associate dean SABS',74,'active','21-06-2023 08:46:43 AM','admin'), 
   (620,1,'2432','Admin 1 SABS',74,'active','21-06-2023 08:46:43 AM','admin'), 
   (621,1,'2433','Admin 2 SABS',74,'active','21-06-2023 08:46:43 AM','admin'), 
   (622,1,'2444','Chairman Architecture',74,'active','21-06-2023 08:46:43 AM','admin'), 
   (623,1,'2445','Sec Architecture',74,'active','21-06-2023 08:46:43 AM','admin'), 
   (624,1,'2446','exams architecture',74,'active','21-06-2023 08:46:43 AM','admin'), 
   (625,1,'2447','Lecturer 1 architecture',74,'active','21-06-2023 08:46:43 AM','admin'), 
   (626,1,'2448','Lecturer 2 architecture',74,'active','21-06-2023 08:46:43 AM','admin'), 
   (627,1,'2449','Lecturer 3 architecture',74,'active','21-06-2023 08:46:43 AM','admin'), 
   (628,1,'2450','photo lab architecture',74,'active','21-06-2023 08:46:43 AM','admin'), 
   (629,1,'2451','Comp lab architecture',74,'active','21-06-2023 08:46:43 AM','admin'), 
   (630,1,'2452','Library architecture',74,'active','21-06-2023 08:46:43 AM','admin'), 
   (631,1,'2453','material rm architecture',74,'active','21-06-2023 08:46:43 AM','admin'), 
   (632,1,'2454','Chief tech architecture',74,'active','21-06-2023 08:46:43 AM','admin'), 
   (633,1,'2455','environ lab architecture',74,'active','21-06-2023 08:46:43 AM','admin'), 
   (634,1,'2456','Wamwangi architecture',74,'active','21-06-2023 08:46:43 AM','admin'), 
   (635,1,'2457','Dr Kibue architecture',74,'active','21-06-2023 08:46:43 AM','admin'), 
   (636,1,'2458','Mr Kamaru architecture',74,'active','21-06-2023 08:46:43 AM','admin'), 
   (637,1,'2459','Prof Crispin architecture',74,'active','21-06-2023 08:46:43 AM','admin'), 
   (638,1,'2460','Mr kioko architecture',74,'active','21-06-2023 08:46:43 AM','admin'), 
   (639,1,'2461','mr Misiani architecture',74,'active','21-06-2023 08:46:43 AM','admin'), 
   (640,1,'2474','COD Const mgmt',75,'active','21-06-2023 08:46:43 AM','admin'), 
   (641,1,'2475','Sec constr mgmt',75,'active','21-06-2023 08:46:43 AM','admin'), 
   (642,1,'2476','Examination constr mgmt',75,'active','21-06-2023 08:46:43 AM','admin'), 
   (643,1,'2477','Phd rm 1 const mgmt',75,'active','21-06-2023 08:46:43 AM','admin'), 
   (644,1,'2478','Phd rm 2 const mgmt',75,'active','21-06-2023 08:46:43 AM','admin'), 
   (645,1,'2479','Gatuhi/Saiva office',75,'active','21-06-2023 08:46:43 AM','admin'), 
   (646,1,'2480','Tech const mgmt',75,'active','21-06-2023 08:46:43 AM','admin'), 
   (647,1,'2481','Comp lab const mgmt',75,'active','21-06-2023 08:46:43 AM','admin'), 
   (648,1,'2482','Prof Otoki const mgmt',75,'active','21-06-2023 08:46:43 AM','admin'), 
   (649,1,'2483','Muriithi/Kamotho const mgmt',75,'active','21-06-2023 08:46:43 AM','admin'), 
   (650,1,'2484','Dr Alkizim/Mutie const mgmt',75,'active','21-06-2023 08:46:43 AM','admin'), 
   (651,1,'2485','Dr Dianga/Wanyona constr',75,'active','21-06-2023 08:46:43 AM','admin'), 
   (652,1,'2486','Dr Kiplimo/Masudi',75,'active','21-06-2023 08:46:43 AM','admin'), 
   (653,1,'2487','Dr Munala/Gwaya const mgmt',75,'active','21-06-2023 08:46:43 AM','admin'), 
   (654,1,'2504','Chairman landscape arch',74,'active','21-06-2023 08:46:43 AM','admin'), 
   (655,1,'2505','Sec landscape arch',74,'active','21-06-2023 08:46:43 AM','admin'), 
   (656,1,'2506','Exams Landscape arch',74,'active','21-06-2023 08:46:43 AM','admin'),    
   (657,1,'2507','Technicians landscape arch',74,'active','21-06-2023 08:46:43 AM','admin'), 
   (658,1,'2508','Technicians 2 landscape arc',74,'active','21-06-2023 08:46:43 AM','admin'), 
   (659,1,'2534','principal COPAS',76,'active','21-06-2023 08:46:43 AM','admin'), 
   (660,1,'2535','College registrar COPAS',76,'active','21-06-2023 08:46:43 AM','admin'), 
   (661,1,'2536','Sec 1 COPAS',76,'active','21-06-2023 08:46:43 AM','admin'), 
   (662,1,'2537','Sec 2 COPAS',76,'active','21-06-2023 08:46:43 AM','admin'), 
   (663,1,'2538','Exam officer COPAS',76,'active','21-06-2023 08:46:43 AM','admin'), 
   (664,1,'2539','Dean SPS Copas',76,'active','21-06-2023 08:46:43 AM','admin'), 
   (665,1,'2540','Student information COPAS',76,'active','21-06-2023 08:46:43 AM','admin'), 
   (666,1,'2541','SPS exam officer COPAS',76,'active','21-06-2023 08:46:43 AM','admin'), 
   (667,1,'2542','COPAS SSP Registry',76,'active','21-06-2023 08:46:43 AM','admin'), 
   (668,1,'2549','Dean biological sciences',77,'active','21-06-2023 08:46:43 AM','admin'), 
   (669,1,'2550','Sec bio sciences',77,'active','21-06-2023 08:46:43 AM','admin'), 
   (670,1,'2551','Clerical bio sciences',77,'active','21-06-2023 08:46:43 AM','admin'), 
   (671,1,'2552','exams bio sciences',77,'active','21-06-2023 08:46:43 AM','admin'), 
   (672,1,'2553','Admin bio sciences',77,'active','21-06-2023 08:46:43 AM','admin'), 
   (673,1,'2564','Dr Makobe botany',78,'active','21-06-2023 08:46:43 AM','admin'), 
   (674,1,'2565','Dr Njenga botany',78,'active','21-06-2023 08:46:43 AM','admin'), 
   (675,1,'2566','Dr Wakibia botany',78,'active','21-06-2023 08:46:43 AM','admin'), 
   (676,1,'2567','Prof Muigai botany',78,'active','21-06-2023 08:46:43 AM','admin'), 
   (677,1,'2568','Dr Mwangi botany',78,'active','21-06-2023 08:46:43 AM','admin'), 
   (678,1,'2569','Prof Matiru botany',78,'active','21-06-2023 08:46:43 AM','admin'), 
   (679,1,'2570','Dr Kuyah/Karanja botany',78,'active','21-06-2023 08:46:43 AM','admin'), 
   (680,1,'2571','Dr Gichua botany',78,'active','21-06-2023 08:46:43 AM','admin'), 
   (681,1,'2572','Prof Grace botany',78,'active','21-06-2023 08:46:43 AM','admin'), 
   (682,1,'2573','Prof Ngumi botany',78,'active','21-06-2023 08:46:43 AM','admin'), 
   (683,1,'2574','Prof Ochora botany',78,'active','21-06-2023 08:46:43 AM','admin'), 
   (684,1,'2575','Botany GK Lab',78,'active','21-06-2023 08:46:43 AM','admin'), 
   (685,1,'2576','Ndwiga botany',78,'active','21-06-2023 08:46:43 AM','admin'), 
   (686,1,'2577','Chairman botany',78,'active','21-06-2023 08:46:43 AM','admin'), 
   (687,1,'2578','Sec botany',78,'active','21-06-2023 08:46:43 AM','admin'), 
   (688,1,'2594','Prof Waihenya zoology',79,'active','21-06-2023 08:46:43 AM','admin'), 
   (689,1,'2595','Prof Mutugi zoology',79,'active','21-06-2023 08:46:43 AM','admin'), 
   (690,1,'2596','Prof Gikunju zoology',79,'active','21-06-2023 08:46:43 AM','admin'), 
   (691,1,'2597','Prof Kutima zoology',79,'active','21-06-2023 08:46:43 AM','admin'), 
   (692,1,'2598','Dr Ogila zoology',79,'active','21-06-2023 08:46:43 AM','admin'), 
   (693,1,'2599','Dr Onyambu zoology',79,'active','21-06-2023 08:46:43 AM','admin'), 
   (694,1,'2600','Dr Muya zoology',79,'active','21-06-2023 08:46:43 AM','admin'), 
   (695,1,'2601','Dr kamuya zoology',79,'active','21-06-2023 08:46:43 AM','admin'), 
   (696,1,'2602','Chairman zoology',79,'active','21-06-2023 08:46:43 AM','admin'), 
   (697,1,'2603','sec zoology',79,'active','21-06-2023 08:46:43 AM','admin'), 
   (698,1,'2604','Chief technician zoology',79,'active','21-06-2023 08:46:43 AM','admin'), 
   (699,1,'2605','lab zoology',79,'active','21-06-2023 08:46:43 AM','admin'), 
   (700,1,'2606','Museum lab zoology',79,'active','21-06-2023 08:46:43 AM','admin'), 
   (701,1,'2639','Secretary chem',80,'active','21-06-2023 08:46:43 AM','admin'), 
   (702,1,'2640','Lecturer 2 chem',80,'active','21-06-2023 08:46:43 AM','admin'), 
   (703,1,'2641','Lecturer 3 chem',80,'active','21-06-2023 08:46:43 AM','admin'), 
   (704,1,'2642','Chairman chemistry',80,'active','21-06-2023 08:46:43 AM','admin'), 
   (705,1,'2643','prof 1 chem',80,'active','21-06-2023 08:46:43 AM','admin'), 
   (706,1,'2644','prof 2 chem',80,'active','21-06-2023 08:46:43 AM','admin'), 
   (707,1,'2645','prof 3 chem',80,'active','21-06-2023 08:46:43 AM','admin'), 
   (708,1,'2646','prof 4 chem',80,'active','21-06-2023 08:46:43 AM','admin'), 
   (709,1,'2647','prof 5 chem',80,'active','21-06-2023 08:46:43 AM','admin'), 
   (710,1,'2648','snr lecturer 1',80,'active','21-06-2023 08:46:43 AM','admin'), 
   (711,1,'2649','snr lecturer 2',80,'active','21-06-2023 08:46:43 AM','admin'), 
   (712,1,'2650','Chem lab',80,'active','21-06-2023 08:46:43 AM','admin'), 
   (713,1,'2651','GK Labs',80,'active','21-06-2023 08:46:43 AM','admin'), 
   (714,1,'2652','Reception chem',80,'active','21-06-2023 08:46:43 AM','admin'), 
   (715,1,'2674','Chief Tech Physics',81,'active','21-06-2023 08:46:43 AM','admin'), 
   (716,1,'2675','Snr Tech 1 physics',81,'active','21-06-2023 08:46:43 AM','admin'), 
   (717,1,'2676','Snr Tech 2 physics',81,'active','21-06-2023 08:46:43 AM','admin'), 
   (718,1,'2677','Snr Tech 3 physics',81,'active','21-06-2023 08:46:43 AM','admin'), 
   (719,1,'2678','Chairman physics',81,'active','21-06-2023 08:46:43 AM','admin'), 
   (720,1,'2679','Sec Physics',81,'active','21-06-2023 08:46:43 AM','admin'), 
   (721,1,'2680','prof PK Karanja physics',81,'active','21-06-2023 08:46:43 AM','admin'), 
   (722,1,'2681','Receptionist physics',81,'active','21-06-2023 08:46:43 AM','admin'), 
   (723,1,'2682','Dr M karowe physics',81,'active','21-06-2023 08:46:43 AM','admin'), 
   (724,1,'2683','Dr JN Kamau physics',81,'active','21-06-2023 08:46:43 AM','admin'), 
   (725,1,'2684','Dr Kihara physics',81,'active','21-06-2023 08:46:43 AM','admin'), 
   (726,1,'2685','Dr Timonah physics',81,'active','21-06-2023 08:46:43 AM','admin'), 
   (727,1,'2686','Dr Kinyua physics',81,'active','21-06-2023 08:46:43 AM','admin'), 
   (728,1,'2687','Dr Calvin Ominde physics',81,'active','21-06-2023 08:46:43 AM','admin'), 
   (729,1,'2688','Prof david mulati physics',81,'active','21-06-2023 08:46:43 AM','admin'), 
   (730,1,'2709','Dean mathematical scie',82,'active','21-06-2023 08:46:43 AM','admin'), 
   (731,1,'2710','Sec sch of mathematical s',82,'active','21-06-2023 08:46:43 AM','admin'), 
   (732,1,'2711','exam office SMS',82,'active','21-06-2023 08:46:43 AM','admin'), 
   (733,1,'2712','Prof Peter Mwita SMS',82,'active','21-06-2023 08:46:43 AM','admin'), 
   (734,1,'2724','chairman mathematics',82,'active','21-06-2023 08:46:43 AM','admin'), 
   (735,1,'2725','Sec mathematics',82,'active','21-06-2023 08:46:43 AM','admin'), 
   (736,1,'2726','Lab tech 1 mathematics',82,'active','21-06-2023 08:46:43 AM','admin'), 
   (737,1,'2727','Lab tech 2 mathematics',82,'active','21-06-2023 08:46:43 AM','admin'), 
   (738,1,'2728','exams office mathematics',82,'active','21-06-2023 08:46:43 AM','admin'), 
   (739,1,'2729','prof Uppal mathematics',82,'active','21-06-2023 08:46:43 AM','admin'), 
   (740,1,'2730','prof Kinyanjui mathematics',82,'active','21-06-2023 08:46:43 AM','admin'), 
   (741,1,'2731','Theuri mathematics',82,'active','21-06-2023 08:46:43 AM','admin'), 
   (742,1,'2732','Barini/Sigei mathematics',82,'active','21-06-2023 08:46:43 AM','admin'), 
   (743,1,'2733','Waweru/Njogu mathematics',82,'active','21-06-2023 08:46:43 AM','admin'), 
   (744,1,'2734','Kwanza/Akanga mathematics',82,'active','21-06-2023 08:46:43 AM','admin'), 
   (745,1,'2735','Luvaha/Okelo mathematics',82,'active','21-06-2023 08:46:43 AM','admin'), 
   (746,1,'2736','nyaga Lewis mathematics',82,'active','21-06-2023 08:46:43 AM','admin'), 
   (747,1,'2737','Kangethe/Kariuki mathematic',82,'active','21-06-2023 08:46:43 AM','admin'), 
   (748,1,'2738','Kiogora mathematics',82,'active','21-06-2023 08:46:43 AM','admin'), 
   (749,1,'2754','chairman statistics',83,'active','21-06-2023 08:46:43 AM','admin'), 
   (750,1,'2755','Sec statistics',83,'active','21-06-2023 08:46:43 AM','admin'), 
   (751,1,'2756','Coord Bsc stat/finacial eng',83,'active','21-06-2023 08:46:43 AM','admin'), 
   (752,1,'2757','coordinator actuarial 3 & 4',83,'active','21-06-2023 08:46:43 AM','admin'), 
   (753,1,'2758','Lab statistcs NSC grnd flr',83,'active','21-06-2023 08:46:43 AM','admin'), 
   (754,1,'2759','coordinator actuarial 1 & 2',83,'active','21-06-2023 08:46:43 AM','admin'), 
   (755,1,'2760','coordinator bridging maths',83,'active','21-06-2023 08:46:43 AM','admin'), 
   (756,1,'2761','associate chairman nrb cent',83,'active','21-06-2023 08:46:43 AM','admin'), 
   (757,1,'2762','Dr George Orwa statistics',83,'active','21-06-2023 08:46:43 AM','admin'), 
   (758,1,'2763','coordinator fin eng 3 & 4',83,'active','21-06-2023 08:46:43 AM','admin'), 
   (759,1,'2764','Prof Mwita statistics',83,'active','21-06-2023 08:46:43 AM','admin'), 
   (760,1,'2765','coordinator postgraduate',83,'active','21-06-2023 08:46:43 AM','admin'), 
   (761,1,'2766','Coordinator service courses',83,'active','21-06-2023 08:46:43 AM','admin'), 
   (762,1,'2768','Prof Romanus Odhiambo',83,'active','21-06-2023 08:46:43 AM','admin'), 
   (763,1,'2769','Tech Lab 1',83,'active','21-06-2023 08:46:43 AM','admin'), 
   (764,1,'2770','Chief Tech statistics',83,'active','21-06-2023 08:46:43 AM','admin'), 
   (765,1,'2771','Statistics lab hall 7',83,'active','21-06-2023 08:46:43 AM','admin'), 
   (766,1,'2804','COD computing',84,'active','21-06-2023 08:46:43 AM','admin'), 
   (767,1,'2805','Sec Computing',84,'active','21-06-2023 08:46:43 AM','admin'), 
   (768,1,'2806','Lab SCC 101',84,'active','21-06-2023 08:46:43 AM','admin'), 
   (769,1,'2807','Lab SCC 105',84,'active','21-06-2023 08:46:43 AM','admin'), 
   (770,1,'2808','Lab SCC 106',84,'active','21-06-2023 08:46:43 AM','admin'), 
   (771,1,'2809','Lab SCC 107',84,'active','21-06-2023 08:46:43 AM','admin'), 
   (772,1,'2810','Lab SCC 108',84,'active','21-06-2023 08:46:43 AM','admin'), 
   (773,1,'2811','Exam offcr Computing',84,'active','21-06-2023 08:46:43 AM','admin'), 
   (774,1,'2812','Chief tech Computing',84,'active','21-06-2023 08:46:43 AM','admin'), 
   (775,1,'2813','Lab hall 7 rm 29',84,'active','21-06-2023 08:46:43 AM','admin'), 
   (776,1,'2814','Prof Waweru computing',84,'active','21-06-2023 08:46:43 AM','admin'), 
   (777,1,'2815','Dr Cheruiyot comput',84,'active','21-06-2023 08:46:43 AM','admin'), 
   (778,1,'2816','J Wainaina computing',84,'active','21-06-2023 08:46:43 AM','admin'), 
   (779,1,'2817','Dr J Wafula Computing',84,'active','21-06-2023 08:46:43 AM','admin'), 
   (780,1,'2818','Dr Okeyo computing',84,'active','21-06-2023 08:46:43 AM','admin'), 
   (781,1,'2819','Dr Kimani computing',84,'active','21-06-2023 08:46:43 AM','admin'), 
   (782,1,'2820','Dr Kimwele computing',84,'active','21-06-2023 08:46:43 AM','admin'), 
   (783,1,'2821','Director office computing',84,'active','21-06-2023 08:46:43 AM','admin'), 
   (784,1,'2822','Admin Computing',84,'active','21-06-2023 08:46:43 AM','admin'), 
   (785,1,'2823','Sec Computing',84,'active','21-06-2023 08:46:43 AM','admin'), 
   (786,1,'2824','Reception Computing',84,'active','21-06-2023 08:46:43 AM','admin'), 
   (787,1,'2825','Reception Computing',84,'active','21-06-2023 08:46:43 AM','admin'), 
   (788,1,'2834','Sec IT',85,'active','21-06-2023 08:46:43 AM','admin'), 
   (789,1,'2835','Dep director IT',85,'active','21-06-2023 08:46:43 AM','admin'), 
   (790,1,'2836','Admin IT',85,'active','21-06-2023 08:46:43 AM','admin'), 
   (791,1,'2837','Exams IT',85,'active','21-06-2023 08:46:43 AM','admin'), 
   (792,1,'2838','info registry IT',85,'active','21-06-2023 08:46:43 AM','admin'), 
   (793,1,'2839','Diana IT',85,'active','21-06-2023 08:46:43 AM','admin'), 
   (794,1,'2840','Projects IT',85,'active','21-06-2023 08:46:43 AM','admin'), 
   (795,1,'2841','Attachment IT',85,'active','21-06-2023 08:46:43 AM','admin'),    
   (796,1,'2842','chief tech IT',85,'active','21-06-2023 08:46:43 AM','admin'), 
   (797,1,'2843','Chairman IT',85,'active','21-06-2023 08:46:43 AM','admin'), 
   (798,1,'2844','Boardroom IT',85,'active','21-06-2023 08:46:43 AM','admin'), 
   (799,1,'2845','Lecturers office IT',85,'active','21-06-2023 08:46:43 AM','admin'), 
   (800,1,'2846','comp lab 1 IT',85,'active','21-06-2023 08:46:43 AM','admin'), 
   (801,1,'2847','comp lab 2 IT',85,'active','21-06-2023 08:46:43 AM','admin'), 
   (802,1,'2848','comp lab 3 IT',85,'active','21-06-2023 08:46:43 AM','admin'), 
   (803,1,'2849','comp lab 4 IT',85,'active','21-06-2023 08:46:43 AM','admin'), 
   (804,1,'2850','comp lab 5 IT',85,'active','21-06-2023 08:46:43 AM','admin'), 
   (805,1,'2851','comp lab 6 IT',85,'active','21-06-2023 08:46:43 AM','admin'), 
   (806,1,'2852','comp lab 7 IT',85,'active','21-06-2023 08:46:43 AM','admin'), 
   (807,1,'2853','resource office IT',85,'active','21-06-2023 08:46:43 AM','admin'), 
   (808,1,'2854','Lecturer 1 IT',85,'active','21-06-2023 08:46:43 AM','admin'), 
   (809,1,'2855','Lecturer 2 IT',85,'active','21-06-2023 08:46:43 AM','admin'), 
   (810,1,'2856','Lecturer 3 IT',85,'active','21-06-2023 08:46:43 AM','admin'), 
   (811,1,'2869','Principal COHES',86,'active','21-06-2023 08:46:43 AM','admin'), 
   (812,1,'2870','Sec principal COHES',86,'active','21-06-2023 08:46:43 AM','admin'), 
   (813,1,'2871','Admin COHES',86,'active','21-06-2023 08:46:43 AM','admin'), 
   (814,1,'2872','college registrar COHES',86,'active','21-06-2023 08:46:43 AM','admin'), 
   (815,1,'2873','Sys Admin COHES',86,'active','21-06-2023 08:46:43 AM','admin'), 
   (816,1,'2874','college accountant COHES',86,'active','21-06-2023 08:46:43 AM','admin'), 
   (817,1,'2875','Dep principal COHES',86,'active','21-06-2023 08:46:43 AM','admin'), 
   (818,1,'2876','Admin 2 COHES',86,'active','21-06-2023 08:46:43 AM','admin'), 
   (819,1,'2877','Exams COHES',86,'active','21-06-2023 08:46:43 AM','admin'), 
   (820,1,'2878','Student registry COHES',86,'active','21-06-2023 08:46:43 AM','admin'), 
   (821,1,'2889','Chairman biochem',87,'active','21-06-2023 08:46:43 AM','admin'), 
   (822,1,'2890','Sec biochem',87,'active','21-06-2023 08:46:43 AM','admin'), 
   (823,1,'2891','Prof Imbuga biochem',87,'active','21-06-2023 08:46:43 AM','admin'), 
   (824,1,'2892','Dr Nyambati biochem',87,'active','21-06-2023 08:46:43 AM','admin'), 
   (825,1,'2893','Prof Naomi biochem',87,'active','21-06-2023 08:46:43 AM','admin'), 
   (826,1,'2894','Dr Ger biochem',87,'active','21-06-2023 08:46:43 AM','admin'), 
   (827,1,'2895','Prof Magiri biochem',87,'active','21-06-2023 08:46:43 AM','admin'), 
   (828,1,'2896','Biochem lab 1',87,'active','21-06-2023 08:46:43 AM','admin'), 
   (829,1,'2897','Biochem lab 2',87,'active','21-06-2023 08:46:43 AM','admin'), 
   (830,1,'2898','Biochem lab 3',87,'active','21-06-2023 08:46:43 AM','admin'), 
   (831,1,'2899','Research Fellow RPE',88,'active','21-06-2023 08:46:43 AM','admin'), 
   (832,1,'2919','COD MLS',89,'active','21-06-2023 08:46:43 AM','admin'), 
   (833,1,'2920','Sec MLS',89,'active','21-06-2023 08:46:43 AM','admin'), 
   (834,1,'2921','Animal Hse',89,'active','21-06-2023 08:46:43 AM','admin'), 
   (835,1,'2922','Pincipal MLS',89,'active','21-06-2023 08:46:43 AM','admin'), 
   (836,1,'2923','Exam Officer MLS',89,'active','21-06-2023 08:46:43 AM','admin'), 
   (837,1,'2924','Parasitology Lab',89,'active','21-06-2023 08:46:43 AM','admin'), 
   (838,1,'2925','Comp Lab MLS',89,'active','21-06-2023 08:46:43 AM','admin'), 
   (839,1,'2926','Lecturer MLS',89,'active','21-06-2023 08:46:43 AM','admin'), 
   (840,1,'2927','Radiography MLS',89,'active','21-06-2023 08:46:43 AM','admin'), 
   (841,1,'2928','Haematology Lab',90,'active','21-06-2023 08:46:43 AM','admin'), 
   (842,1,'3019','dean nursing',91,'active','21-06-2023 08:46:43 AM','admin'), 
   (843,1,'3020','Sec dean nursing',91,'active','21-06-2023 08:46:43 AM','admin'), 
   (844,1,'3021','COD nursing & midwifery',91,'active','21-06-2023 08:46:43 AM','admin'), 
   (845,1,'3022','Sec COD nursing & midwifery',91,'active','21-06-2023 08:46:43 AM','admin'), 
   (846,1,'3023','COD comm health & research',91,'active','21-06-2023 08:46:43 AM','admin'),    
   (847,1,'3024','Sec comm health & research',91,'active','21-06-2023 08:46:43 AM','admin'), 
   (848,1,'3025','Exams Nursing',91,'active','21-06-2023 08:46:43 AM','admin'), 
   (849,1,'3026','Admin nursing',91,'active','21-06-2023 08:46:43 AM','admin'), 
   (850,1,'3027','Skills lab nursing',91,'active','21-06-2023 08:46:43 AM','admin'), 
   (851,1,'3028','dean pharmacy',92,'active','21-06-2023 08:46:43 AM','admin'), 
   (852,1,'3029','Sec dean pharmacy',92,'active','21-06-2023 08:46:43 AM','admin'), 
   (853,1,'3030','COD pharmacology',92,'active','21-06-2023 08:46:43 AM','admin'), 
   (854,1,'3031','Sec COD pharmacology',92,'active','21-06-2023 08:46:43 AM','admin'), 
   (855,1,'3032','COD pharmaceutics',92,'active','21-06-2023 08:46:43 AM','admin'), 
   (856,1,'3033','Sec COD pharmaceutics',92,'active','21-06-2023 08:46:43 AM','admin'), 
   (857,1,'3034','Exams Pharmacy',92,'active','21-06-2023 08:46:43 AM','admin'), 
   (858,1,'3035','lab 1 pharmacy',92,'active','21-06-2023 08:46:43 AM','admin'), 
   (859,1,'3036','lab 2 pharmacy',92,'active','21-06-2023 08:46:43 AM','admin'), 
   (860,1,'3037','lab 3 pharmacy',92,'active','21-06-2023 08:46:43 AM','admin'), 
   (861,1,'3038','Chairman Microbiology',93,'active','21-06-2023 08:46:43 AM','admin'), 
   (862,1,'3039','Sec microbiology',93,'active','21-06-2023 08:46:43 AM','admin'), 
   (863,1,'3059','Dean public health',94,'active','21-06-2023 08:46:43 AM','admin'), 
   (864,1,'3060','sec dean public health',94,'active','21-06-2023 08:46:43 AM','admin'), 
   (865,1,'3061','COD public health',94,'active','21-06-2023 08:46:43 AM','admin'), 
   (866,1,'3062','Sec COD public health',94,'active','21-06-2023 08:46:43 AM','admin'), 
   (867,1,'3063','Exams public health',94,'active','21-06-2023 08:46:43 AM','admin'), 
   (868,1,'3064','Admin public health',94,'active','21-06-2023 08:46:43 AM','admin'), 
   (869,1,'3065','lecturers public health',94,'active','21-06-2023 08:46:43 AM','admin'), 
   (870,1,'3089','Dean sch of med',95,'active','21-06-2023 08:46:43 AM','admin'), 
   (871,1,'3090','Sec Dean sch of med',95,'active','21-06-2023 08:46:43 AM','admin'), 
   (872,1,'3091','COD medicine',95,'active','21-06-2023 08:46:43 AM','admin'), 
   (873,1,'3092','Sec COD medicine',95,'active','21-06-2023 08:46:43 AM','admin'), 
   (874,1,'3093','COD pathology',95,'active','21-06-2023 08:46:43 AM','admin'), 
   (875,1,'3094','Sec COD pathology',95,'active','21-06-2023 08:46:43 AM','admin'), 
   (876,1,'3095','Anatomy lab',95,'active','21-06-2023 08:46:43 AM','admin'), 
   (877,1,'3096','Physiology lab',95,'active','21-06-2023 08:46:43 AM','admin'), 
   (878,1,'3097','admin sch of med',95,'active','21-06-2023 08:46:43 AM','admin'), 
   (879,1,'3098','student reg sch of med',95,'active','21-06-2023 08:46:43 AM','admin'), 
   (880,1,'3099','lecturers sch of med',95,'active','21-06-2023 08:46:43 AM','admin'),    
   (881,1,'3124','DVC RPE',88,'active','21-06-2023 08:46:43 AM','admin'), 
   (882,1,'3125','Sec DVC RPE',88,'active','21-06-2023 08:46:43 AM','admin'), 
   (883,1,'3126','Sec 2 DVC RPE',88,'active','21-06-2023 08:46:43 AM','admin'), 
   (884,1,'3127','Clerk RPE Registry',88,'active','21-06-2023 08:46:43 AM','admin'), 
   (885,1,'3128','Sec RPE Registry',88,'active','21-06-2023 08:46:43 AM','admin'), 
   (886,1,'3129','RPE Boardroom',88,'active','21-06-2023 08:46:43 AM','admin'), 
   (887,1,'3144','Registrar RPE',88,'active','21-06-2023 08:46:43 AM','admin'), 
   (888,1,'3145','Sec Registrar RPE',88,'active','21-06-2023 08:46:43 AM','admin'), 
   (889,1,'3146','Admin Asst RPE',88,'active','21-06-2023 08:46:43 AM','admin'), 
   (890,1,'3159','Sec JICA',96,'active','21-06-2023 08:46:43 AM','admin'), 
   (891,1,'3160','Chief advisor JICA',96,'active','21-06-2023 08:46:43 AM','admin'), 
   (892,1,'3161','scientific editor',96,'active','21-06-2023 08:46:43 AM','admin'), 
   (893,1,'3162','Ogot Research',96,'active','21-06-2023 08:46:43 AM','admin'), 
   (894,1,'3163','Director JICA',96,'active','21-06-2023 08:46:43 AM','admin'), 
   (895,1,'3164','Sec Director JICA',96,'active','21-06-2023 08:46:43 AM','admin'), 
   (896,1,'3184','HOD production',97,'active','21-06-2023 08:46:43 AM','admin'), 
   (897,1,'3185','Admin Production',97,'active','21-06-2023 08:46:43 AM','admin'),    
   (898,1,'3186','Clerk Production',97,'active','21-06-2023 08:46:43 AM','admin'), 
   (899,1,'3209','Research director',98,'active','21-06-2023 08:46:43 AM','admin'), 
   (900,1,'3210','Extension director',99,'active','21-06-2023 08:46:43 AM','admin'), 
   (901,1,'3211','Snr Extension offcr',98,'active','21-06-2023 08:46:43 AM','admin'), 
   (902,1,'3212','Dep registrar Extension',98,'active','21-06-2023 08:46:43 AM','admin'), 
   (903,1,'3213','production officer',97,'active','21-06-2023 08:46:43 AM','admin'), 
   (904,1,'3214','reception ext & tech',99,'active','21-06-2023 08:46:43 AM','admin'), 
   (905,1,'3215','Admin asst ext & tech',99,'active','21-06-2023 08:46:43 AM','admin'), 
   (906,1,'3239','HOD Linkages',100,'active','21-06-2023 08:46:43 AM','admin'), 
   (907,1,'3240','Clerk Linkages',100,'active','21-06-2023 08:46:43 AM','admin'), 
   (908,1,'3241','Sec Linkages',100,'active','21-06-2023 08:46:43 AM','admin'), 
   (909,1,'3242','Admin Linkages',100,'active','21-06-2023 08:46:43 AM','admin'), 
   (910,1,'3243','Director production',97,'active','21-06-2023 08:46:43 AM','admin'), 
   (911,1,'3244','Admin research linkages',100,'active','21-06-2023 08:46:43 AM','admin'), 
   (912,1,'3245','IGU acct linkages',100,'active','21-06-2023 08:46:43 AM','admin'), 
   (913,1,'3246','Monitorig & eval linkages',100,'active','21-06-2023 08:46:43 AM','admin'), 
   (914,1,'3264','Sec FOTEC',101,'active','21-06-2023 08:46:43 AM','admin'), 
   (915,1,'3265','Manager FOTEC',101,'active','21-06-2023 08:46:43 AM','admin'), 
   (916,1,'3266','Sales shop FOTEC',101,'active','21-06-2023 08:46:43 AM','admin'), 
   (917,1,'3267','Instant noodle wrkshop',101,'active','21-06-2023 08:46:43 AM','admin'), 
   (918,1,'3268','Bakery workshop',101,'active','21-06-2023 08:46:43 AM','admin'), 
   (919,1,'3269','Fruit & veg wrkshp',101,'active','21-06-2023 08:46:43 AM','admin'), 
   (920,1,'3270','Dairy/meat wrkshp',101,'active','21-06-2023 08:46:43 AM','admin'), 
   (921,1,'3271','Food eng lab',101,'active','21-06-2023 08:46:43 AM','admin'), 
   (922,1,'3272','water bottling plant',101,'active','21-06-2023 08:46:43 AM','admin'), 
   (923,1,'3273','postharvest lab',101,'active','21-06-2023 08:46:43 AM','admin'), 
   (924,1,'3274','Director JKUAT Ent',115,'active','21-06-2023 08:46:43 AM','admin'), 
   (925,1,'3275','Sec JKUAT Ent',115,'active','21-06-2023 08:46:43 AM','admin'), 
   (926,1,'3276','Gen Mgr JKUAT Ent',115,'active','21-06-2023 08:46:43 AM','admin'), 
   (927,1,'3277','Finance office JKUAT Ent',115,'active','21-06-2023 08:46:43 AM','admin'), 
   (928,1,'3294','Manager CPC',102,'active','21-06-2023 08:46:43 AM','admin'), 
   (929,1,'3295','Reception CPC',102,'active','21-06-2023 08:46:43 AM','admin'), 
   (930,1,'3296','Lab CPC',102,'active','21-06-2023 08:46:43 AM','admin'), 
   (931,1,'3297','Technician CPC',102,'active','21-06-2023 08:46:43 AM','admin'), 
   (932,1,'3314','Reception UCCD',103,'active','21-06-2023 08:46:43 AM','admin'), 
   (933,1,'3315','Sec UCCD',103,'active','21-06-2023 08:46:43 AM','admin'), 
   (934,1,'3316','Admin UCCD',103,'active','21-06-2023 08:46:43 AM','admin'), 
   (935,1,'3317','Director UCCD',103,'active','21-06-2023 08:46:43 AM','admin'), 
   (936,1,'3339','DR Onguso',60,'active','21-06-2023 08:46:43 AM','admin'),    
   (937,1,'3340','IBR New Lab',104,'active','21-06-2023 08:46:43 AM','admin'), 
   (938,1,'3341','IBR Researchers office',104,'active','21-06-2023 08:46:43 AM','admin'), 
   (939,1,'3342','Molecular biology lab',105,'active','21-06-2023 08:46:43 AM','admin'), 
   (940,1,'3343','Comm tissue culture lab',105,'active','21-06-2023 08:46:43 AM','admin'), 
   (941,1,'3344','Tissue culture research lab',105,'active','21-06-2023 08:46:43 AM','admin'), 
   (942,1,'3345','Soil steri lab',105,'active','21-06-2023 08:46:43 AM','admin'), 
   (943,1,'3346','Organic Farming',106,'active','21-06-2023 08:46:43 AM','admin'), 
   (944,1,'3347','Biotech research hse',98,'active','21-06-2023 08:46:43 AM','admin'), 
   (945,1,'3348','Director IBR',104,'active','21-06-2023 08:46:43 AM','admin'), 
   (946,1,'3349','Sec IBR',104,'active','21-06-2023 08:46:43 AM','admin'), 
   (947,1,'3350','Admin IBR',104,'active','21-06-2023 08:46:43 AM','admin'), 
   (948,1,'3351','Messenger IBR',104,'active','21-06-2023 08:46:43 AM','admin'), 
   (949,1,'3364','Director IEET',107,'active','21-06-2023 08:46:43 AM','admin'), 
   (950,1,'3365','Admin IEET',107,'active','21-06-2023 08:46:43 AM','admin'), 
   (951,1,'3366','Research fellow IEET',107,'active','21-06-2023 08:46:43 AM','admin'), 
   (952,1,'3367','Reception IEET',107,'active','21-06-2023 08:46:43 AM','admin'), 
   (953,1,'3368','Technologist 1 IEET',107,'active','21-06-2023 08:46:43 AM','admin'), 
   (954,1,'3369','Technologist 2 IEET',107,'active','21-06-2023 08:46:43 AM','admin'), 
   (955,1,'3370','Research 1 IEET',107,'active','21-06-2023 08:46:43 AM','admin'), 
   (956,1,'3371','Research 2 IEET',107,'active','21-06-2023 08:46:43 AM','admin'), 
   (957,1,'3372','Research 3 IEET',107,'active','21-06-2023 08:46:43 AM','admin'), 
   (958,1,'3444','Director SAJOREC',108,'active','21-06-2023 08:46:43 AM','admin'), 
   (959,1,'3445','Reception SAJOREC',108,'active','21-06-2023 08:46:43 AM','admin'), 
   (960,1,'3446','Admin SAJOREC',108,'active','21-06-2023 08:46:43 AM','admin'), 
   (961,1,'3447','Research SAJOREC',108,'active','21-06-2023 08:46:43 AM','admin'), 
   (962,1,'3448','Clerk JAST',109,'active','21-06-2023 08:46:43 AM','admin'), 
   (963,1,'3449','Admin JAST',109,'active','21-06-2023 08:46:43 AM','admin'), 
   (964,1,'3469','Farm manager',110,'active','21-06-2023 08:46:43 AM','admin'), 
   (965,1,'3470','Sec Farm/Research',110,'active','21-06-2023 08:46:43 AM','admin'), 
   (966,1,'3471','Farm crops',110,'active','21-06-2023 08:46:43 AM','admin'), 
   (967,1,'3472','Livestock',110,'active','21-06-2023 08:46:43 AM','admin'), 
   (968,1,'3473','Piggery',110,'active','21-06-2023 08:46:43 AM','admin'), 
   (969,1,'3474','Farm store',110,'active','21-06-2023 08:46:43 AM','admin'), 
   (970,1,'3475','Poultry Unit',110,'active','21-06-2023 08:46:43 AM','admin'), 
   (971,1,'3476','veterinary office',110,'active','21-06-2023 08:46:43 AM','admin'), 
   (972,1,'3484','halls manager',111,'active','21-06-2023 08:46:43 AM','admin'), 
   (973,1,'3485','Dep Halls manager',111,'active','21-06-2023 08:46:43 AM','admin'), 
   (974,1,'3486','Reception halls',111,'active','21-06-2023 08:46:43 AM','admin'), 
   (975,1,'3487','system clerk halls',111,'active','21-06-2023 08:46:43 AM','admin'), 
   (976,1,'3488','Maint office halls',111,'active','21-06-2023 08:46:43 AM','admin'), 
   (977,1,'3489','housekeeper hall 1',111,'active','21-06-2023 08:46:43 AM','admin'), 
   (978,1,'3490','housekeeper hall 2',111,'active','21-06-2023 08:46:43 AM','admin'), 
   (979,1,'3491','housekeeper hall 3',111,'active','21-06-2023 08:46:43 AM','admin'), 
   (980,1,'3492','housekeeper hall 4',111,'active','21-06-2023 08:46:43 AM','admin'), 
   (981,1,'3493','housekeeper hall 5',111,'active','21-06-2023 08:46:43 AM','admin'), 
   (982,1,'3494','housekeeper hall 6',111,'active','21-06-2023 08:46:43 AM','admin'), 
   (983,1,'3495','housekeeper Sumitomo',111,'active','21-06-2023 08:46:43 AM','admin'), 
   (984,1,'3496','supervisor hall 6',111,'active','21-06-2023 08:46:43 AM','admin'), 
   (985,1,'3504','bookshop counter',112,'active','21-06-2023 08:46:43 AM','admin'), 
   (986,1,'3505','Bookshop manager',112,'active','21-06-2023 08:46:43 AM','admin'), 
   (987,1,'3506','Bookshop attendant',112,'active','21-06-2023 08:46:43 AM','admin'), 
   (988,1,'3507','Bookshop reception',112,'active','21-06-2023 08:46:43 AM','admin'), 
   (989,1,'5000','AVAYA SUPPORT',113,'active','21-06-2023 08:46:43 AM','admin'), 
   (990,1,'5001','Boardroom',114,'active','21-06-2023 08:46:43 AM','admin'), 
   
   
   (1091,1,'1183','Susan ICT IS',18,'active','21-06-2023 08:46:43 AM','admin'), 
   (1092,1,'1560','Admin Plann & Budget AA',250,'active','21-06-2023 08:46:43 AM','admin'), 
   (1093,1,'1561','Clerk Plann & Budget AA',250,'active','21-06-2023 08:46:43 AM','admin'), 
   (1094,1,'1569','Dep Reg Plann & Budget AA',250,'active','21-06-2023 08:46:43 AM','admin'), 
   (1095,1,'1584','Dep Registrar Examinations',251,'active','21-06-2023 08:46:43 AM','admin'), 
   (1096,1,'1585','Exams SAR',252,'active','21-06-2023 08:46:43 AM','admin'), 
   (1097,1,'1586','Exams SAA 1',252,'active','21-06-2023 08:46:43 AM','admin'), 
   (1098,1,'1587','Exams SAA 2',252,'active','21-06-2023 08:46:43 AM','admin'), 
   (1099,1,'1588','Exams Reception',252,'active','21-06-2023 08:46:43 AM','admin'), 
   (1100,1,'1589','Exams Clerk 1-Jumanne',252,'active','21-06-2023 08:46:43 AM','admin'), 
   (1101,1,'1590','Exams Clerk 2 James',252,'active','21-06-2023 08:46:43 AM','admin'), 
   (1102,1,'1591','Examinations Clerk 3',252,'active','21-06-2023 08:46:43 AM','admin'), 
   (1103,1,'1592','Exams Messenger',252,'active','21-06-2023 08:46:43 AM','admin'), 
   (1104,1,'1593','Exams Executive SODEL',252,'active','21-06-2023 08:46:43 AM','admin'), 
   (1105,1,'1614','Dep Reg Senate Secretariat',253,'active','21-06-2023 08:46:43 AM','admin'), 
   (1106,1,'1615','Sec Senate secretariat',254,'active','21-06-2023 08:46:43 AM','admin'), 
   (1107,1,'1616','Clerks Senate Secretariat',254,'active','21-06-2023 08:46:43 AM','admin'), 
   (1108,1,'1617','Admins Senatee Secretariat',254,'active','21-06-2023 08:46:43 AM','admin'), 
   (1109,1,'1700','Sec Dean of Students',45,'active','21-06-2023 08:46:43 AM','admin'), 
   (1110,1,'1701','Mail Reg Dean of Students',45,'active','21-06-2023 08:46:43 AM','admin'), 
   (1111,1,'1978','Kinundu food science',59,'active','21-06-2023 08:46:43 AM','admin'), 
   (1112,1,'2189','Philomena Waruhari',65,'active','21-06-2023 08:46:43 AM','admin'), 
   (1113,1,'2190','Mr. Riitho Elec Eng',65,'active','21-06-2023 08:46:43 AM','admin'), 
   (1114,1,'2202','Mr. Irungu TIE',66,'active','21-06-2023 08:46:43 AM','admin'), 
   (1115,1,'2211','Manager Printery',255,'active','21-06-2023 08:46:43 AM','admin'), 
   (1116,1,'2212','Front office Printery',255,'active','21-06-2023 08:46:43 AM','admin'), 
   (1117,1,'2213','Back office Printery',255,'active','21-06-2023 08:46:43 AM','admin'), 
   (1118,1,'2214','Photocopy Printery',255,'active','21-06-2023 08:46:43 AM','admin'), 
   (1119,1,'2239','Chairman Civil',256,'active','21-06-2023 08:46:43 AM','admin'), 
   (1120,1,'2240','Sec Civil',256,'active','21-06-2023 08:46:43 AM','admin'), 
   (1121,1,'2241','Exams Coord civil',256,'active','21-06-2023 08:46:43 AM','admin'), 
   (1122,1,'2242','Dr. JK Mwangi',256,'active','21-06-2023 08:46:43 AM','admin'), 
   (1123,1,'2243','Mrs. Kibetu Civil',256,'active','21-06-2023 08:46:43 AM','admin'), 
   (1124,1,'2244','Prof Gariy Civil',256,'active','21-06-2023 08:46:43 AM','admin'), 
   (1125,1,'2245','Mr. Winja Civil',256,'active','21-06-2023 08:46:43 AM','admin'), 
   (1126,1,'2246','Comp Lab Civil',256,'active','21-06-2023 08:46:43 AM','admin'), 
   (1127,1,'2247','Mr. Munyi civil',256,'active','21-06-2023 08:46:43 AM','admin'), 
   (1128,1,'2248','Mr. Hinga civil',256,'active','21-06-2023 08:46:43 AM','admin'), 
   (1129,1,'2249','Doris civil',256,'active','21-06-2023 08:46:43 AM','admin'), 
   (1130,1,'2250','Mr. Karugu Civil',256,'active','21-06-2023 08:46:43 AM','admin'), 
   (1131,1,'2251','Eng Kiptala',256,'active','21-06-2023 08:46:43 AM','admin'), 
   (1132,1,'2252','Eng Karimi civil',256,'active','21-06-2023 08:46:43 AM','admin'), 
   (1133,1,'2253','Eng Wangai civil',256,'active','21-06-2023 08:46:43 AM','admin'), 
   (1134,1,'2254','Prof Oyawa civil',256,'active','21-06-2023 08:46:43 AM','admin'), 
   (1135,1,'2255','Prof Mayabi civil',256,'active','21-06-2023 08:46:43 AM','admin'), 
   (1136,1,'2256','Mr. Mulei civil',256,'active','21-06-2023 08:46:43 AM','admin'), 
   (1137,1,'2257','Mr. Mutua civil',256,'active','21-06-2023 08:46:43 AM','admin'), 
   (1138,1,'2258','Dr. Kazungu Civil',256,'active','21-06-2023 08:46:43 AM','admin'), 
   (1139,1,'2259','Mrs. Kakoi civil',256,'active','21-06-2023 08:46:43 AM','admin'), 
   (1140,1,'2344','Matl Sci Mech Eng',70,'active','21-06-2023 08:46:43 AM','admin'),    
   (1141,1,'2509','Ms. Muchogu-landArch',74,'active','21-06-2023 08:46:43 AM','admin'), 
   (1142,1,'2607','Rose Githenji zoology',79,'active','21-06-2023 08:46:43 AM','admin'), 
   (1143,1,'2689','DR Ndeda Physics',81,'active','21-06-2023 08:46:43 AM','admin'), 
   (1144,1,'2690','Dr. Mutuku Physics',81,'active','21-06-2023 08:46:43 AM','admin'), 
   (1145,1,'2691','Snr Tech Chem Nderitu',81,'active','21-06-2023 08:46:43 AM','admin'), 
   (1146,1,'2692','Chief Tech Physics Kirima',81,'active','21-06-2023 08:46:43 AM','admin'), 
   (1147,1,'2713','Clerk_SMS',82,'active','21-06-2023 08:46:43 AM','admin'), 
   (1148,1,'2900','Dr. Kinyua Biochem',87,'active','21-06-2023 08:46:43 AM','admin'), 
   (1149,1,'2901','Prof. Kariuki Biochem',87,'active','21-06-2023 08:46:43 AM','admin'), 
   (1150,1,'2902','NNSC Biochem LAB',87,'active','21-06-2023 08:46:43 AM','admin'), 
   (1151,1,'3540','Admin Council',4,'active','21-06-2023 08:46:43 AM','admin'), 
   (1152,1,'3541','Assist Legal Officer',20,'active','21-06-2023 08:46:43 AM','admin'), 
   (1153,1,'4001','Academic reg Naomy',257,'active','21-06-2023 08:46:43 AM','admin'), 
   (1154,1,'4002','Acad Reg Simon Bush',257,'active','21-06-2023 08:46:43 AM','admin'), 
   (1155,1,'4003','Acad reg Mary/Mburu',257,'active','21-06-2023 08:46:43 AM','admin'), 
   (1156,1,'4004','Acad Reg Susan',257,'active','21-06-2023 08:46:43 AM','admin'), 
   (1157,1,'4005','Acad Reg Nancy',257,'active','21-06-2023 08:46:43 AM','admin'), 
   (1158,1,'4012','Director Aliso',258,'active','21-06-2023 08:46:43 AM','admin'), 
   (1159,1,'4013','Secretary Aliso',258,'active','21-06-2023 08:46:43 AM','admin'), 
   (1160,1,'4014','Administrator Aliso',258,'active','21-06-2023 08:46:43 AM','admin'), 
   (1161,1,'4015','Clerk Aliso',258,'active','21-06-2023 08:46:43 AM','admin'), 
   (1162,1,'4022','DVC Finance',259,'active','21-06-2023 08:46:43 AM','admin'), 
   (1163,1,'4023','DVC finance sec 1',259,'active','21-06-2023 08:46:43 AM','admin'), 
   (1164,1,'4024','DVC finance sec 2',259,'active','21-06-2023 08:46:43 AM','admin'), 
   (1165,1,'4025','DVC Finance Sec 3',259,'active','21-06-2023 08:46:43 AM','admin'), 
   (1166,1,'4032','Uni projects Coordinator',260,'active','21-06-2023 08:46:43 AM','admin'), 
   (1167,1,'4033','Uni Project Coord Sec',260,'active','21-06-2023 08:46:43 AM','admin'), 
   (1168,1,'4034','University projects 2',260,'active','21-06-2023 08:46:43 AM','admin'), 
   (1169,1,'4040','Director ICEOD',261,'active','21-06-2023 08:46:43 AM','admin'), 
   (1170,1,'4041','Asst. Director ICEOD',261,'active','21-06-2023 08:46:43 AM','admin'), 
   (1171,1,'4042','Administrator ICEOD',261,'active','21-06-2023 08:46:43 AM','admin'), 
   (1172,1,'4043','Secretary ICEOD',261,'active','21-06-2023 08:46:43 AM','admin'), 
   (1173,1,'4044','Messenger/cleaner ICEOD',261,'active','21-06-2023 08:46:43 AM','admin'),  
   (1175,1,'4051','COD CIVIL-ENGINEERING.',256,'active','21-06-2023 08:46:43 AM','admin'), 
   (1176,1,'4052','sec-civil-Engineering',256,'active','21-06-2023 08:46:43 AM','admin'), 
   
   
   (1497,1,'4061','Taifa Ind Park',6,'active','21-06-2023 08:46:43 AM','admin'), 
   (1498,1,'4062','Patents Ind Park',6,'active','21-06-2023 08:46:43 AM','admin'), 
   (1500,1,'2377','Clerk,Mining/Marine',262,'active','21-06-2023 08:46:43 AM','admin'), 
   (1502,1,'2375','Secretary for  Mining/Marine',262,'active','21-06-2023 08:46:43 AM','admin'), 
   (1503,1,'2378','Mr.Seroni',262,'active','21-06-2023 08:46:43 AM','admin'), 
   (1504,1,'2376','CoD for Mining',262,'active','21-06-2023 08:46:43 AM','admin'), 
   
   
   
   
   
   
   
   (1188,2,'6601','Director NCBD',116,'active','21-06-2023 08:46:43 AM','admin'), 
   (1189,2,'6602','Dep Director NCBD',117,'active','21-06-2023 08:46:43 AM','admin'), 
   (1190,2,'6603','CES NCBD',118,'active','21-06-2023 08:46:43 AM','admin'), 
   (1191,2,'6604','EPD NCBD',119,'active','21-06-2023 08:46:43 AM','admin'), 
   (1192,2,'6605','Accounts NCBD',120,'active','21-06-2023 08:46:43 AM','admin'), 
   (1193,2,'6606','Admin NCBD',121,'active','21-06-2023 08:46:43 AM','admin'), 
   (1194,2,'6607','Comp Lab NCBD',122,'active','21-06-2023 08:46:43 AM','admin'), 
   (1195,2,'6608','Exams NCBD',123,'active','21-06-2023 08:46:43 AM','admin'), 
   (1196,2,'6609','Library NCBD',124,'active','21-06-2023 08:46:43 AM','admin'), 
   (1197,2,'6610','Caretaker NCBD',125,'active','21-06-2023 08:46:43 AM','admin'), 
   
   
   
   
   
   
   
   (991,3,'6501','principal Westlands',126,'active','21-06-2023 08:46:43 AM','admin'), 
   (992,3,'6502','Sec principal westlands',126,'active','21-06-2023 08:46:43 AM','admin'), 
   (993,3,'6503','Director westlands',127,'active','21-06-2023 08:46:43 AM','admin'), 
   (994,3,'6504','Sec director westlands',127,'active','21-06-2023 08:46:43 AM','admin'), 
   (995,3,'6505','Snr finance offcr westlands',128,'active','21-06-2023 08:46:43 AM','admin'), 
   (996,3,'6506','Asst finance westlands',128,'active','21-06-2023 08:46:43 AM','admin'), 
   (997,3,'6507','Accountant 1 westlands',128,'active','21-06-2023 08:46:43 AM','admin'),    
   (998,3,'6508','HOD IT & comput westlands',129,'active','21-06-2023 08:46:43 AM','admin'), 
   (999,3,'6509','HOD DBAS westlands',129,'active','21-06-2023 08:46:43 AM','admin'), 
   (1000,3,'6510','Registrar westlands',130,'active','21-06-2023 08:46:43 AM','admin'), 
   (1001,3,'6511','Asst registrar westlands',130,'active','21-06-2023 08:46:43 AM','admin'), 
   (1002,3,'6512','Customer care westlands',131,'active','21-06-2023 08:46:43 AM','admin'), 
   (1003,3,'6513','Academic reg westlands',130,'active','21-06-2023 08:46:43 AM','admin'), 
   (1004,3,'6514','Personnel reg Westlands',130,'active','21-06-2023 08:46:43 AM','admin'), 
   (1005,3,'6515','Dean of students westlands',132,'active','21-06-2023 08:46:43 AM','admin'), 
   (1006,3,'6516','Clinic offcr westlands',133,'active','21-06-2023 08:46:43 AM','admin'), 
   (1007,3,'6517','Pharmacy westlands',133,'active','21-06-2023 08:46:43 AM','admin'), 
   (1008,3,'6518','procurement offcr westlands',134,'active','21-06-2023 08:46:43 AM','admin'), 
   (1009,3,'6519','server room westlands',135,'active','21-06-2023 08:46:43 AM','admin'), 
   (1010,3,'6520','Technical westlands',136,'active','21-06-2023 08:46:43 AM','admin'), 
   (1011,3,'6521','cafeteria westlands',137,'active','21-06-2023 08:46:43 AM','admin'), 
   (1012,3,'6522','Accountant 2 westlands',128,'active','21-06-2023 08:46:43 AM','admin'), 
   (1013,3,'6523','Sec 2 principal westlands',126,'active','21-06-2023 08:46:43 AM','admin'), 
   (1014,3,'6524','Exams offcr Westlands',138,'active','21-06-2023 08:46:43 AM','admin'), 
   (1015,3,'6525','Academics Westlands',139,'active','21-06-2023 08:46:43 AM','admin'), 
   (1016,3,'6526','Clinic Lab westlands',133,'active','21-06-2023 08:46:43 AM','admin'), 
   (1017,3,'6527','ICT co-ord westlands',140,'active','21-06-2023 08:46:43 AM','admin'), 
   (1018,3,'6528','ICT Officer westlands',140,'active','21-06-2023 08:46:43 AM','admin'), 
   (1019,3,'6529','Catering',137,'active','21-06-2023 08:46:43 AM','admin'), 
   (1020,3,'6530','chief Librarian westlands',141,'active','21-06-2023 08:46:43 AM','admin'), 
   (1021,3,'6531','Librarians westlands',141,'active','21-06-2023 08:46:43 AM','admin'), 
   (1022,3,'6532','Security Westlands',142,'active','21-06-2023 08:46:43 AM','admin'), 
   (1023,3,'6533','caretaker Westlands',142,'active','21-06-2023 08:46:43 AM','admin'), 
   (1024,3,'6534','HOD HRD westlands',143,'active','21-06-2023 08:46:43 AM','admin'), 
   (1025,3,'6535','Estates westlands',144,'active','21-06-2023 08:46:43 AM','admin'), 
   
   
   
   
   
   
   
   
   
   
   
   
   
   
   (1026,4,'6006','ICT 1 Karen',145,'active','21-06-2023 08:46:43 AM','admin'), 
   (1027,4,'6007','ICT 2 Karen',145,'active','21-06-2023 08:46:43 AM','admin'), 
   (1028,4,'6008','ICT 3 Karen',145,'active','21-06-2023 08:46:43 AM','admin'), 
   (1029,4,'6011','academic Sec Karen',146,'active','21-06-2023 08:46:43 AM','admin'), 
   (1030,4,'6012','academic exams 1 Karen',146,'active','21-06-2023 08:46:43 AM','admin'), 
   (1031,4,'6013','academic exams 2 karen',146,'active','21-06-2023 08:46:43 AM','admin'), 
   (1032,4,'6014','Director Karen Campus',147,'active','21-06-2023 08:46:43 AM','admin'), 
   (1033,4,'6020','Principal Karen Campus',148,'active','21-06-2023 08:46:43 AM','admin'), 
   (1034,4,'6021','Sec principal karen',148,'active','21-06-2023 08:46:43 AM','admin'), 
   (1035,4,'6022','Recept principal karen',148,'active','21-06-2023 08:46:43 AM','admin'), 
   (1036,4,'6023','snr asst reg karen',149,'active','21-06-2023 08:46:43 AM','admin'), 
   (1037,4,'6024','sec snr asst reg karen',149,'active','21-06-2023 08:46:43 AM','admin'), 
   (1038,4,'6031','Asst Registrar karen',149,'active','21-06-2023 08:46:43 AM','admin'), 
   (1039,4,'6032','Sec admission karen',149,'active','21-06-2023 08:46:43 AM','admin'), 
   (1040,4,'6033','Admission karen',149,'active','21-06-2023 08:46:43 AM','admin'), 
   (1041,4,'6034','Registry Karen',149,'active','21-06-2023 08:46:43 AM','admin'), 
   (1042,4,'6035','Central services karen',150,'active','21-06-2023 08:46:43 AM','admin'), 
   (1043,4,'6040','Security karen',151,'active','21-06-2023 08:46:43 AM','admin'),    
   (1044,4,'6041','Gate karen',151,'active','21-06-2023 08:46:43 AM','admin'), 
   (1045,4,'6042','Caterer Karen',152,'active','21-06-2023 08:46:43 AM','admin'), 
   (1046,4,'6045','bookshop karen',153,'active','21-06-2023 08:46:43 AM','admin'), 
   (1047,4,'6051','Incharge finance karen',154,'active','21-06-2023 08:46:43 AM','admin'), 
   (1048,4,'6052','Sec finance',154,'active','21-06-2023 08:46:43 AM','admin'), 
   (1049,4,'6053','Accountant 1 Karen',154,'active','21-06-2023 08:46:43 AM','admin'), 
   (1050,4,'6054','Accountant 2 Karen',154,'active','21-06-2023 08:46:43 AM','admin'), 
   (1051,4,'6061','lib bk processing karen',155,'active','21-06-2023 08:46:43 AM','admin'), 
   (1052,4,'6062','Librarian karen',155,'active','21-06-2023 08:46:43 AM','admin'), 
   (1053,4,'6063','circ lib karen',155,'active','21-06-2023 08:46:43 AM','admin'), 
   (1054,4,'6064','periodicals lib karen',155,'active','21-06-2023 08:46:43 AM','admin'), 
   (1055,4,'6071','Dean sch of law karen',156,'active','21-06-2023 08:46:43 AM','admin'), 
   (1056,4,'6072','Admin sch of law karen',156,'active','21-06-2023 08:46:43 AM','admin'), 
   (1057,4,'6073','Sec sch of law karen',156,'active','21-06-2023 08:46:43 AM','admin'), 
   (1058,4,'6074','Mr. Aminga Lecturer Karen',157,'active','21-06-2023 08:46:43 AM','admin'), 
   (1059,4,'6075','Koyier|Kamangu Lecturers Karen',157,'active','21-06-2023 08:46:43 AM','admin'), 
   (1060,4,'6076','Arwa|Mwimali Lecturers Karen',157,'active','21-06-2023 08:46:43 AM','admin'), 
   (1061,4,'6077','Wahu |Oluoch Lecturers Karen',157,'active','21-06-2023 08:46:43 AM','admin'), 
   (1062,4,'6078','Kyalo|Simiyu Lecturers Karen',157,'active','21-06-2023 08:46:43 AM','admin'), 
   (1063,4,'6089','Consultation Room 2 hosp',158,'active','21-06-2023 08:46:43 AM','admin'), 
   (1064,4,'6090','pharmacy karen',158,'active','21-06-2023 08:46:43 AM','admin'), 
   (1065,4,'6091','Lab karen',158,'active','21-06-2023 08:46:43 AM','admin'), 
   (1066,4,'6092','Incharge Health Unit karen',158,'active','21-06-2023 08:46:43 AM','admin'), 
   (1067,4,'6093','Secretary hospital karen',158,'active','21-06-2023 08:46:43 AM','admin'), 
   (1068,4,'6101','COD academic karen',158,'active','21-06-2023 08:46:43 AM','admin'), 
   (1069,4,'6102','exams IT karen',159,'active','21-06-2023 08:46:43 AM','admin'), 
   (1070,4,'6103','COD IT karen',159,'active','21-06-2023 08:46:43 AM','admin'), 
   (1071,4,'6104','Timetabler IT karen',159,'active','21-06-2023 08:46:43 AM','admin'), 
   (1072,4,'6105','Coordinat BCOM karen',160,'active','21-06-2023 08:46:43 AM','admin'), 
   (1073,4,'6106','Coordinator BMAS Comm',160,'active','21-06-2023 08:46:43 AM','admin'), 
   (1074,4,'6107','Coordinator BPSM',160,'active','21-06-2023 08:46:43 AM','admin'), 
   (1075,4,'6108','Coordinator Postgraduate',160,'active','21-06-2023 08:46:43 AM','admin'), 
   (1076,4,'6109','Secretary BSS',161,'active','21-06-2023 08:46:43 AM','admin'), 
   (1077,4,'6110','Coordinator DIT Karen',160,'active','21-06-2023 08:46:43 AM','admin'), 
   (1078,4,'6111','Secretary IT & Computing Karen',159,'active','21-06-2023 08:46:43 AM','admin'), 
   (1079,4,'6114','sports & games karen',162,'active','21-06-2023 08:46:43 AM','admin'), 
   (1080,4,'6115','COD applied scie karen',163,'active','21-06-2023 08:46:43 AM','admin'), 
   (1081,4,'6116','coordinat applied scie',163,'active','21-06-2023 08:46:43 AM','admin'), 
   (1082,4,'6117','recptn app scie karen',163,'active','21-06-2023 08:46:43 AM','admin'), 
   (1083,4,'6126','Sec estates karen',164,'active','21-06-2023 08:46:43 AM','admin'),    
   (1084,4,'6127','Incharge estates karen',164,'active','21-06-2023 08:46:43 AM','admin'), 
   (1085,4,'6128','electrician karen',164,'active','21-06-2023 08:46:43 AM','admin'), 
   (1086,4,'6131','Chaplains office',165,'active','21-06-2023 08:46:43 AM','admin'), 
   (1087,4,'6132','Assistant Dean',166,'active','21-06-2023 08:46:43 AM','admin'), 
   (1088,4,'6133','Reception Dean of students',166,'active','21-06-2023 08:46:43 AM','admin'), 
   (1089,4,'6134','Students Counselors',167,'active','21-06-2023 08:46:43 AM','admin'), 
   (1090,4,'6135','IT and CSC',159,'active','21-06-2023 08:46:43 AM','admin'), 
   
   (1177,4,'6005','Microbio lab karen',168,'active','21-06-2023 08:46:43 AM','admin'), 
   (1178,4,'6009','Biochem lab karen',169,'active','21-06-2023 08:46:43 AM','admin'), 
   (1179,4,'6010','IT Lab karen',159,'active','21-06-2023 08:46:43 AM','admin'), 
   (1180,4,'6015','Reception Acad Karen',148,'active','21-06-2023 08:46:43 AM','admin'), 
   (1181,4,'6025','Conference 1 karen',170,'active','21-06-2023 08:46:43 AM','admin'), 
   (1182,4,'6026','Conference 2 karen',170,'active','21-06-2023 08:46:43 AM','admin'), 
   (1183,4,'6044','Karen Customer care office',153,'active','21-06-2023 08:46:43 AM','admin'), 
   (1184,4,'6055','Accoutant 3 Karen',154,'active','21-06-2023 08:46:43 AM','admin'), 
   (1185,4,'6056','Finance Sec Karen',154,'active','21-06-2023 08:46:43 AM','admin'), 
   (1186,4,'6080','Sec Public Law',156,'active','21-06-2023 08:46:43 AM','admin'), 
   (1187,4,'6085','Sec Private Law',156,'active','21-06-2023 08:46:43 AM','admin'), 
   
   
   
   
   
   
   
   
   (1198,5,'6800','avaya nakuru',171,'active','21-06-2023 08:46:43 AM','admin'), 
   (1199,5,'6811','Director Nakuru',172,'active','21-06-2023 08:46:43 AM','admin'), 
   (1200,5,'6812','Deputy Director Nakuru',173,'active','21-06-2023 08:46:43 AM','admin'), 
   (1201,5,'6813','Secretary Director Nakuru',174,'active','21-06-2023 08:46:43 AM','admin'), 
   (1202,5,'6814','Board Room Nakuru',175,'active','21-06-2023 08:46:43 AM','admin'), 
   (1203,5,'6821','Reception main exch nakuru',176,'active','21-06-2023 08:46:43 AM','admin'), 
   (1204,5,'6822','Receptionist Nakuru',176,'active','21-06-2023 08:46:43 AM','admin'), 
   (1205,5,'6823','Computer lab3 nakuru',177,'active','21-06-2023 08:46:43 AM','admin'), 
   (1206,5,'6824','Bookshop Nakuru',178,'active','21-06-2023 08:46:43 AM','admin'),    
   (1207,5,'6831','Registry Admin Nakuru',179,'active','21-06-2023 08:46:43 AM','admin'), 
   (1208,5,'6832','Administrator Nakuru',180,'active','21-06-2023 08:46:43 AM','admin'), 
   (1209,5,'6841','Accounts Clerk Nakuru',181,'active','21-06-2023 08:46:43 AM','admin'), 
   (1210,5,'6842','Accountant Nakuru',181,'active','21-06-2023 08:46:43 AM','admin'), 
   (1211,5,'6843','Security Officer Nakuru',182,'active','21-06-2023 08:46:43 AM','admin'), 
   (1212,5,'6851','Computer Lab1 Nakuru',177,'active','21-06-2023 08:46:43 AM','admin'), 
   (1213,5,'6852','Computer Lab2 Nakuru',177,'active','21-06-2023 08:46:43 AM','admin'), 
   (1214,5,'6853','Librarian Nakuru',183,'active','21-06-2023 08:46:43 AM','admin'), 
   (1215,5,'6854','Exam office Nakuru',184,'active','21-06-2023 08:46:43 AM','admin'), 
   (1216,5,'6861','Sports and Games Nakuru',185,'active','21-06-2023 08:46:43 AM','admin'), 
   (1217,5,'6862','Coordinator1 Nakuru',186,'active','21-06-2023 08:46:43 AM','admin'), 
   (1218,5,'6863','Coordinator2 Nakuru',186,'active','21-06-2023 08:46:43 AM','admin'), 
   (1219,5,'6871','Server Room Nakuru',187,'active','21-06-2023 08:46:43 AM','admin'), 
   
   
   
   
   
   
   (1478,6,'8001','Director MSA',188,'active','21-06-2023 08:46:43 AM','admin'),  
   (1479,6,'8002','Deputy Director MSA',189,'active','21-06-2023 08:46:43 AM','admin'), 
   (1480,6,'8003','Procurement MSA',190,'active','21-06-2023 08:46:43 AM','admin'), 
   (1481,6,'8004','Deputy Registrar MSA',191,'active','21-06-2023 08:46:43 AM','admin'), 
   (1482,6,'8005','Accounts 1 MSA',192,'active','21-06-2023 08:46:43 AM','admin'), 
   (1483,6,'8006','Accounts 2 MSA',192,'active','21-06-2023 08:46:43 AM','admin'), 
   (1484,6,'8007','COD Public Health MSA',193,'active','21-06-2023 08:46:43 AM','admin'), 
   (1485,6,'8008','COD Comp Studies MSA',193,'active','21-06-2023 08:46:43 AM','admin'), 
   (1486,6,'8009','COD Business MSA',193,'active','21-06-2023 08:46:43 AM','admin'), 
   (1487,6,'8010','Exams MSA',194,'active','21-06-2023 08:46:43 AM','admin'), 
   (1488,6,'8011','Exams 2 MSA',194,'active','21-06-2023 08:46:43 AM','admin'), 
   (1489,6,'8012','Registry 1 MSA',195,'active','21-06-2023 08:46:43 AM','admin'), 
   (1490,6,'8013','Registry 2 MSA',195,'active','21-06-2023 08:46:43 AM','admin'), 
   (1491,6,'8014','Registry 3 MSA',195,'active','21-06-2023 08:46:43 AM','admin'), 
   (1492,6,'8015','Registry 4 MSA',195,'active','21-06-2023 08:46:43 AM','admin'), 
   (1493,6,'8016','ICT LAB MSA',196,'active','21-06-2023 08:46:43 AM','admin'), 
   (1494,6,'8017','Library MSA',197,'active','21-06-2023 08:46:43 AM','admin'), 
   
   
   
   
   
   
   (1220,7,'6900','avaya kisii template',198,'active','21-06-2023 08:46:43 AM','admin'), 
   (1221,7,'6901','Director Kisii',199,'active','21-06-2023 08:46:43 AM','admin'), 
   (1222,7,'6902','Deputy Director Kisii',200,'active','21-06-2023 08:46:43 AM','admin'), 
   (1223,7,'6903','Sec Director Kisii',201,'active','21-06-2023 08:46:43 AM','admin'), 
   (1224,7,'6911','COD IT Dept Kisii',202,'active','21-06-2023 08:46:43 AM','admin'), 
   (1225,7,'6912','COD HRD Dept Kisii',203,'active','21-06-2023 08:46:43 AM','admin'), 
   (1226,7,'6913','COD Health Sci Dept Kisii',204,'active','21-06-2023 08:46:43 AM','admin'), 
   (1227,7,'6921','Administrator Kisii',205,'active','21-06-2023 08:46:43 AM','admin'), 
   (1228,7,'6922','Registry Kisii',206,'active','21-06-2023 08:46:43 AM','admin'), 
   (1229,7,'6923','Accounts Kisii',207,'active','21-06-2023 08:46:43 AM','admin'), 
   (1230,7,'6931','Server room Kisii',208,'active','21-06-2023 08:46:43 AM','admin'), 
   (1231,7,'6932','Accounts 2',207,'active','21-06-2023 08:46:43 AM','admin'), 
   (1232,7,'6933','Board room Kisii',209,'active','21-06-2023 08:46:43 AM','admin'), 
   (1233,7,'6941','Examinations Kisii',219,'active','21-06-2023 08:46:43 AM','admin'), 
   (1234,7,'6942','Library Kisii',210,'active','21-06-2023 08:46:43 AM','admin'), 
   (1235,7,'6951','Secretary Kisii',211,'active','21-06-2023 08:46:43 AM','admin'), 
   (1236,7,'6961','JKUSO Kisii',212,'active','21-06-2023 08:46:43 AM','admin'), 
   (1237,7,'6962','Security Kisii',221,'active','21-06-2023 08:46:43 AM','admin'), 
   (1238,7,'6963','Cleaner Kisii',213,'active','21-06-2023 08:46:43 AM','admin'), 
   
   /*(1239,7,'7101','Director Kisii campus',214,'active','21-06-2023 08:46:43 AM','admin'), 
   (1240,7,'7102','Dep director Kisii',200,'active','21-06-2023 08:46:43 AM','admin'), 
   (1241,7,'7103','COD IT & Maths Kisii',215,'active','21-06-2023 08:46:43 AM','admin'), 
   (1242,7,'7104','COD social scie Kisii',216,'active','21-06-2023 08:46:43 AM','admin'), 
   (1243,7,'7105','COD health scie Kisii',204,'active','21-06-2023 08:46:43 AM','admin'), 
   (1244,7,'7106','Admin Kisii Campus',205,'active','21-06-2023 08:46:43 AM','admin'), 
   (1245,7,'7107','Sec kisii campus',217,'active','21-06-2023 08:46:43 AM','admin'), 
   (1246,7,'7108','registry Kisii campus',206,'active','21-06-2023 08:46:43 AM','admin'), 
   (1247,7,'7109','Accounts Kisii campus',207,'active','21-06-2023 08:46:43 AM','admin'), 
   (1248,7,'7110','exams kisii campus',219,'active','21-06-2023 08:46:43 AM','admin'), 
   (1249,7,'7111','Library kisii',210,'active','21-06-2023 08:46:43 AM','admin'), 
   (1250,7,'7112','comp lab kisii',220,'active','21-06-2023 08:46:43 AM','admin'), 
   (1251,7,'7113','Security kisii',221,'active','21-06-2023 08:46:43 AM','admin'), 
   (1252,7,'7114','Estates kisii campus',222,'active','21-06-2023 08:46:43 AM','admin'), 
   (1253,7,'7115','Kitchen kisii campus',223,'active','21-06-2023 08:46:43 AM','admin'), 
   (1254,7,'7116','Store kisii campus',224,'active','21-06-2023 08:46:43 AM','admin'), */
   
   
   
   
   
   (1461,8,'7101','Front office Kitale',227,'active','21-06-2023 08:46:43 AM','admin'), 
   (1462,8,'7105','Director-Kitale',225,'active','21-06-2023 08:46:43 AM','admin'), 
   (1463,8,'7106','Dep Dir Kitale',226,'active','21-06-2023 08:46:43 AM','admin'), 
   (1464,8,'7107','Sec-Kitale',227,'active','21-06-2023 08:46:43 AM','admin'), 
   (1465,8,'7108','Admin-Kitale',228,'active','21-06-2023 08:46:43 AM','admin'), 
   (1466,8,'7109','Finance-Kitale',229,'active','21-06-2023 08:46:43 AM','admin'), 
   (1467,8,'7110','Procurement-Kitale',230,'active','21-06-2023 08:46:43 AM','admin'), 
   (1468,8,'7111','Registry-Kitale',231,'active','21-06-2023 08:46:43 AM','admin'), 
   (1469,8,'7112','Complab-Kitale',232,'active','21-06-2023 08:46:43 AM','admin'), 
   (1470,8,'7113','Lib-Kitale',233,'active','21-06-2023 08:46:43 AM','admin'), 
   (1471,8,'7114','Academic-Kitale',234,'active','21-06-2023 08:46:43 AM','admin'), 
   (1472,8,'7115','Security-Kitale',235,'active','21-06-2023 08:46:43 AM','admin'), 
   (1473,8,'7116','Exams-Kitale',236,'active','21-06-2023 08:46:43 AM','admin'),    
   (1474,8,'7117','Cordinators-Kitale',234,'active','21-06-2023 08:46:43 AM','admin'), 
   (1475,8,'7118','Postgrad prog Kitale',234,'active','21-06-2023 08:46:43 AM','admin'), 
   (1476,8,'7119','Boardroom-Kitale',234,'active','21-06-2023 08:46:43 AM','admin'), 
   (1477,8,'7120','Srv-Rm Kitale',237,'active','21-06-2023 08:46:43 AM','admin'), 
   
   
    
    
   
   
   (1447,9,'7001','Recptn-Kakamega',238,'active','21-06-2023 08:46:43 AM','admin'), 
   (1448,9,'7005','Director Kakamega',239,'active','21-06-2023 08:46:43 AM','admin'), 
   (1449,9,'7006','Dep-Dir kakamega',240,'active','21-06-2023 08:46:43 AM','admin'), 
   (1450,9,'7007','Sec-kakamega',241,'active','21-06-2023 08:46:43 AM','admin'), 
   (1451,9,'7008','Admin kakamega',242,'active','21-06-2023 08:46:43 AM','admin'), 
   (1452,9,'7009','Finance kakamega',243,'active','21-06-2023 08:46:43 AM','admin'), 
   (1453,9,'7010','Acc clerk Kakamega',243,'active','21-06-2023 08:46:43 AM','admin'), 
   (1454,9,'7011','Clerk Kakamega',244,'active','21-06-2023 08:46:43 AM','admin'), 
   (1455,9,'7012','Lib-kakamega',245,'active','21-06-2023 08:46:43 AM','admin'), 
   (1456,9,'7013','Maint-kakamega',246,'active','21-06-2023 08:46:43 AM','admin'), 
   (1457,9,'7014','Security-Kakamega',249,'active','21-06-2023 08:46:43 AM','admin'), 
   (1458,9,'7015','Exams-Kakamega',247,'active','21-06-2023 08:46:43 AM','admin'), 
   (1459,9,'7016','Registry-Kakamega',248,'active','21-06-2023 08:46:43 AM','admin'), 
   (1460,9,'7017','Ext security kakamega',249,'active','21-06-2023 08:46:43 AM','admin');
   
   
   
    
   
   
/*!40000 ALTER TABLE tbl_extensions ENABLE KEYS */;
UNLOCK TABLES;



--
-- Table structure for table tbl_users
--

-- DROP TABLE IF EXISTS tbl_users;
/*!40101 SET @saved_cs_client     = @@character_set_client */;
/*!40101 SET character_set_client = utf8 */;
CREATE TABLE IF NOT EXISTS tbl_users (
  id int(11) NOT NULL AUTO_INCREMENT COMMENT 'Primary Key',
  email varchar(200) NOT NULL COMMENT 'Email',
  full_names varchar(200) NOT NULL COMMENT 'Full Names',
  pass_word varchar(200) NOT NULL COMMENT 'Password',
  secret_word varchar(200) NOT NULL COMMENT 'Secret Word', 
  password_hash varchar(500) NULL COMMENT 'Password Hash', 
  status varchar(200) NULL COMMENT 'Status',
  created_date varchar(200) NULL COMMENT 'Created Date',
  addedby varchar(200) NULL COMMENT 'Added By',
  PRIMARY KEY (id),
  UNIQUE KEY email (email)
) ENGINE=InnoDB AUTO_INCREMENT=11 DEFAULT CHARSET=utf8;
/*!40101 SET character_set_client = @saved_cs_client */;


LOCK TABLES tbl_users WRITE;
/*!40000 ALTER TABLE tbl_users DISABLE KEYS */;
INSERT INTO tbl_users VALUES 
(1,'admin@gmail.com','admin admin','admin','admin','$2y$12$OuH5IFxhqnhTCSnm7kCuj.Ru1Y.hqIy89HcjnWMGsoKiBggqst.A2','active','21-06-2023 08:46:43 AM','admin'),
(2,'fanikiwa254@gmail.com','fanikiwa fanikiwa','fanikiwa','fanikiwa','$2y$12$gUVOKcgT1j6G3uBR30ZLMeaRipwhInInXfctdGJanQOjay6Ufjfaq','active','21-06-2023 08:46:43 AM','admin');
/*!40000 ALTER TABLE tbl_users ENABLE KEYS */;
UNLOCK TABLES;


--
-- Table structure for table tbl_roles
--

-- DROP TABLE IF EXISTS tbl_roles;
/*!40101 SET @saved_cs_client     = @@character_set_client */;
/*!40101 SET character_set_client = utf8 */;
CREATE TABLE IF NOT EXISTS tbl_roles (
  id int(11) NOT NULL AUTO_INCREMENT COMMENT 'Primary Key',
  role_name varchar(200) NOT NULL COMMENT 'Role Name',
  status varchar(200) NULL COMMENT 'Status',
  created_date varchar(200) NULL COMMENT 'Created Date',
  addedby varchar(200) NULL COMMENT 'Added By',
  PRIMARY KEY (id),
  UNIQUE KEY role_name (role_name)
) ENGINE=InnoDB AUTO_INCREMENT=11 DEFAULT CHARSET=utf8;
/*!40101 SET character_set_client = @saved_cs_client */;


LOCK TABLES tbl_roles WRITE;
/*!40000 ALTER TABLE tbl_roles DISABLE KEYS */;
INSERT INTO tbl_roles VALUES 
(1,'superadmin','active','21-06-2023 08:46:43 AM','admin'),
(2,'admin','active','21-06-2023 08:46:43 AM','admin');
/*!40000 ALTER TABLE tbl_roles ENABLE KEYS */;
UNLOCK TABLES;


--
-- Table structure for table tbl_rights
--

-- DROP TABLE IF EXISTS tbl_rights;
/*!40101 SET @saved_cs_client     = @@character_set_client */;
/*!40101 SET character_set_client = utf8 */;
CREATE TABLE IF NOT EXISTS tbl_rights (
  id int(11) NOT NULL AUTO_INCREMENT COMMENT 'Primary Key',
  right_code varchar(200) NOT NULL COMMENT 'Right Code', 
  right_name varchar(200) NOT NULL COMMENT 'Right Name', 
  status varchar(200) NULL COMMENT 'Status',
  created_date varchar(200) NULL COMMENT 'Created Date',
  addedby varchar(200) NULL COMMENT 'Added By',
  PRIMARY KEY (id),
  UNIQUE KEY right_name (right_name)
) ENGINE=InnoDB AUTO_INCREMENT=11 DEFAULT CHARSET=utf8;
/*!40101 SET character_set_client = @saved_cs_client */;


LOCK TABLES tbl_rights WRITE;
/*!40000 ALTER TABLE tbl_rights DISABLE KEYS */;
INSERT INTO tbl_rights VALUES 
(1,'view_extensions','View Extensions','active','21-06-2023 08:46:43 AM','admin'),
(2,'view_campuses','View Campuses','active','21-06-2023 08:46:43 AM','admin'),
(3,'view_departments',' View Departments','active','21-06-2023 08:46:43 AM','admin'),
(4,'view_users','View Users','active','21-06-2023 08:46:43 AM','admin'),
(5,'view_roles','View Roles','active','21-06-2023 08:46:43 AM','admin'),
(6,'view_rights','View Rights','active','21-06-2023 08:46:43 AM','admin'),
(7,'view_users_roles','View Users Roles','active','21-06-2023 08:46:43 AM','admin'),
(8,'view_roles_rights','View Roles Rights','active','21-06-2023 08:46:43 AM','admin'),

(9,'btncreate_extension_view','Create Extension','active','21-06-2023 08:46:43 AM','admin'),
(10,'btncreate_campus_view','Create Campus','active','21-06-2023 08:46:43 AM','admin'),
(11,'btncreate_department_view',' Create Department','active','21-06-2023 08:46:43 AM','admin'),
(12,'btncreate_user_view','Create User','active','21-06-2023 08:46:43 AM','admin'),
(13,'btncreate_role_view','Create Role','active','21-06-2023 08:46:43 AM','admin'),
(14,'btncreate_right_view','Create Right','inactive','21-06-2023 08:46:43 AM','admin'),
(15,'btncreate_user_role_view','Create User Role','active','21-06-2023 08:46:43 AM','admin'),
(16,'btncreate_role_right_view','Create Role Right','active','21-06-2023 08:46:43 AM','admin'),

(17,'btn_edit_extension','Edit Extension','active','21-06-2023 08:46:43 AM','admin'),
(18,'btn_edit_campus',' Edit Campus','active','21-06-2023 08:46:43 AM','admin'),
(19,'btn_edit_department','Edit Department','active','21-06-2023 08:46:43 AM','admin'),
(20,'btn_edit_user','Edit User','active','21-06-2023 08:46:43 AM','admin'),
(21,'btn_edit_role','Edit Role','active','21-06-2023 08:46:43 AM','admin'),
(22,'btn_edit_right','Edit Right','inactive','21-06-2023 08:46:43 AM','admin'),
(23,'btn_edit_user_role','Edit User Role','active','21-06-2023 08:46:43 AM','admin'),
(24,'btn_edit_role_right','Edit Role Right','active','21-06-2023 08:46:43 AM','admin'),

(25,'btn_delete_extension','Delete Extension','active','21-06-2023 08:46:43 AM','admin'),
(26,'btn_delete_campus','Delete Campus','active','21-06-2023 08:46:43 AM','admin'),
(27,'btn_delete_department','Delete Department','active','21-06-2023 08:46:43 AM','admin'),
(28,'btn_delete_user','Delete User','active','21-06-2023 08:46:43 AM','admin'),
(29,'btn_delete_role','Delete Role','active','21-06-2023 08:46:43 AM','admin'),
(30,'btn_delete_right','Delete Right','inactive','21-06-2023 08:46:43 AM','admin'),
(31,'btn_delete_user_role','Delete User Role','active','21-06-2023 08:46:43 AM','admin'),
(32,'btn_delete_role_right','Delete Role Right','active','21-06-2023 08:46:43 AM','admin');
/*!40000 ALTER TABLE tbl_rights ENABLE KEYS */;
UNLOCK TABLES;


--
-- Table structure for table tbl_users_roles
--

-- DROP TABLE IF EXISTS tbl_users_roles;
/*!40101 SET @saved_cs_client     = @@character_set_client */;
/*!40101 SET character_set_client = utf8 */;
CREATE TABLE IF NOT EXISTS tbl_users_roles (
  id int(11) NOT NULL AUTO_INCREMENT COMMENT 'Primary Key',
  user_id int(11) NOT NULL COMMENT 'User Foregn Key',
  role_id int(11) NOT NULL COMMENT 'Role Foreign Key',
  status varchar(200) NULL COMMENT 'Status',
  created_date varchar(200) NULL COMMENT 'Created Date',
  addedby varchar(200) NULL COMMENT 'Added By',
  PRIMARY KEY (id),
  UNIQUE KEY unique_user_role (user_id, role_id),
  CONSTRAINT user_foreign_key FOREIGN KEY (user_id) REFERENCES tbl_users (id),
  CONSTRAINT user_role_foreign_key FOREIGN KEY (role_id) REFERENCES tbl_roles (id)
) ENGINE=InnoDB AUTO_INCREMENT=11 DEFAULT CHARSET=utf8;
/*!40101 SET character_set_client = @saved_cs_client */;


LOCK TABLES tbl_users_roles WRITE;
/*!40000 ALTER TABLE tbl_users_roles DISABLE KEYS */;
INSERT INTO tbl_users_roles VALUES 
(1,1,1,'active','21-06-2023 08:46:43 AM','admin'),
(2,2,1,'active','21-06-2023 08:46:43 AM','admin');
/*!40000 ALTER TABLE tbl_users_roles ENABLE KEYS */;
UNLOCK TABLES;



--
-- Table structure for table tbl_roles_rights
--

-- DROP TABLE IF EXISTS tbl_roles_rights;
/*!40101 SET @saved_cs_client     = @@character_set_client */;
/*!40101 SET character_set_client = utf8 */;
CREATE TABLE IF NOT EXISTS tbl_roles_rights (
  id int(11) NOT NULL AUTO_INCREMENT COMMENT 'Primary Key',
  role_id int(11) NOT NULL COMMENT 'Role Foreign Key',
  right_id int(11) NOT NULL COMMENT 'Right Foregn Key',
  allowed bit NULL COMMENT 'Allowed',
  status varchar(200) NULL COMMENT 'Status',
  created_date varchar(200) NULL COMMENT 'Created Date',
  addedby varchar(200) NULL COMMENT 'Added By',
  PRIMARY KEY (id),
  UNIQUE KEY unique_role_right (role_id, right_id),
  CONSTRAINT role_foreign_key FOREIGN KEY (role_id) REFERENCES tbl_roles (id),
  CONSTRAINT rights_foreign_key FOREIGN KEY (right_id) REFERENCES tbl_rights (id)
) ENGINE=InnoDB AUTO_INCREMENT=11 DEFAULT CHARSET=utf8;
/*!40101 SET character_set_client = @saved_cs_client */;


LOCK TABLES tbl_roles_rights WRITE;
/*!40000 ALTER TABLE tbl_roles_rights DISABLE KEYS */;
INSERT INTO tbl_roles_rights VALUES 
(1,1,1,1,'active','21-06-2023 08:46:43 AM','admin'),
(2,1,2,1,'active','21-06-2023 08:46:43 AM','admin'),
(3,1,3,1,'active','21-06-2023 08:46:43 AM','admin'),
(4,1,4,1,'active','21-06-2023 08:46:43 AM','admin'),
(5,1,5,1,'active','21-06-2023 08:46:43 AM','admin'),
(6,1,6,1,'active','21-06-2023 08:46:43 AM','admin'),
(7,1,7,1,'active','21-06-2023 08:46:43 AM','admin'),
(8,1,8,1,'active','21-06-2023 08:46:43 AM','admin'),
(9,1,9,1,'active','21-06-2023 08:46:43 AM','admin'),
(10,1,10,1,'active','21-06-2023 08:46:43 AM','admin'),
(11,1,11,1,'active','21-06-2023 08:46:43 AM','admin'),
(12,1,12,1,'active','21-06-2023 08:46:43 AM','admin'),
(13,1,13,1,'active','21-06-2023 08:46:43 AM','admin'),
(14,1,14,0,'inactive','21-06-2023 08:46:43 AM','admin'),
(15,1,15,1,'active','21-06-2023 08:46:43 AM','admin'),
(16,1,16,1,'active','21-06-2023 08:46:43 AM','admin'),
(17,1,17,1,'active','21-06-2023 08:46:43 AM','admin'),
(18,1,18,1,'active','21-06-2023 08:46:43 AM','admin'),
(19,1,19,1,'active','21-06-2023 08:46:43 AM','admin'),
(20,1,20,1,'active','21-06-2023 08:46:43 AM','admin'),
(21,1,21,1,'active','21-06-2023 08:46:43 AM','admin'),
(22,1,22,0,'inactive','21-06-2023 08:46:43 AM','admin'),
(23,1,23,1,'active','21-06-2023 08:46:43 AM','admin'),
(24,1,24,1,'active','21-06-2023 08:46:43 AM','admin'),
(25,1,25,1,'active','21-06-2023 08:46:43 AM','admin'),
(26,1,26,1,'active','21-06-2023 08:46:43 AM','admin'),
(27,1,27,1,'active','21-06-2023 08:46:43 AM','admin'),
(28,1,28,1,'active','21-06-2023 08:46:43 AM','admin'),
(29,1,29,1,'active','21-06-2023 08:46:43 AM','admin'),
(30,1,30,0,'inactive','21-06-2023 08:46:43 AM','admin'),
(31,1,31,1,'active','21-06-2023 08:46:43 AM','admin'),
(32,1,32,1,'active','21-06-2023 08:46:43 AM','admin');

/*!40000 ALTER TABLE tbl_roles_rights ENABLE KEYS */;
UNLOCK TABLES;









